0.0,0.0,0.0,0.0,0.0,0.0,0.0,0.0,0.0,0.0,0.0,0.0,3.0,11.0,15.0,5.0,27.0,0.0,0.0,0.0,0.0,0.0,0.0,0.0,0.0,0.0,0.0,0.0,0.0,0.0,0.0,0.0,1.0,0.0,0.0,1.0,0.0,0.0,0.0,28.0,86.0,77.0,89.0,126.0,199.0,63.0,0.0,0.0,0.0,0.0,0.0,0.0,0.0,0.0,0.0,0.0,0.0,0.0,0.0,0.0,0.0,0.0,0.0,0.0,0.0,28.0,80.0,147.0,128.0,143.0,157.0,210.0,201.0,27.0,32.0,26.0,6.0,0.0,0.0,0.0,0.0,0.0,0.0,0.0,0.0,0.0,0.0,0.0,1.0,0.0,0.0,42.0,74.0,80.0,64.0,90.0,114.0,86.0,187.0,113.0,34.0,34.0,65.0,52.0,48.0,47.0,17.0,0.0,0.0,0.0,0.0,0.0,0.0,0.0,0.0,0.0,2.0,0.0,64.0,88.0,63.0,55.0,64.0,64.0,64.0,77.0,162.0,19.0,56.0,40.0,30.0,38.0,42.0,43.0,38.0,1.0,0.0,0.0,0.0,0.0,0.0,0.0,0.0,0.0,0.0,9.0,84.0,61.0,65.0,55.0,57.0,63.0,42.0,88.0,61.0,27.0,39.0,35.0,43.0,36.0,36.0,32.0,31.0,14.0,0.0,0.0,0.0,0.0,0.0,0.0,0.0,0.0,0.0,35.0,126.0,55.0,55.0,65.0,53.0,56.0,43.0,86.0,60.0,39.0,36.0,38.0,35.0,31.0,27.0,27.0,35.0,19.0,0.0,0.0,0.0,0.0,0.0,0.0,0.0,0.0,0.0,52.0,119.0,139.0,34.0,67.0,60.0,59.0,42.0,61.0,59.0,36.0,31.0,36.0,30.0,31.0,21.0,38.0,34.0,26.0,0.0,0.0,0.0,0.0,0.0,0.0,0.0,0.0,0.0,105.0,49.0,190.0,59.0,38.0,63.0,57.0,39.0,56.0,59.0,36.0,35.0,31.0,35.0,23.0,14.0,89.0,28.0,30.0,0.0,0.0,0.0,0.0,0.0,0.0,0.0,0.0,0.0,116.0,35.0,191.0,149.0,40.0,61.0,48.0,39.0,51.0,61.0,42.0,32.0,34.0,28.0,5.0,35.0,113.0,24.0,26.0,0.0,0.0,0.0,0.0,0.0,0.0,0.0,0.0,0.0,98.0,42.0,141.0,227.0,44.0,68.0,57.0,42.0,56.0,59.0,39.0,34.0,36.0,32.0,0.0,106.0,114.0,22.0,21.0,5.0,0.0,0.0,0.0,0.0,0.0,0.0,0.0,3.0,88.0,48.0,105.0,255.0,52.0,65.0,61.0,38.0,70.0,57.0,35.0,34.0,38.0,34.0,0.0,126.0,143.0,18.0,27.0,9.0,0.0,0.0,0.0,0.0,0.0,0.0,0.0,13.0,84.0,46.0,102.0,178.0,55.0,63.0,65.0,39.0,78.0,61.0,31.0,35.0,31.0,30.0,1.0,46.0,134.0,28.0,30.0,9.0,0.0,0.0,0.0,0.0,0.0,0.0,0.0,22.0,77.0,47.0,109.0,157.0,59.0,64.0,61.0,44.0,84.0,63.0,30.0,36.0,28.0,31.0,17.0,10.0,102.0,47.0,22.0,10.0,0.0,0.0,0.0,0.0,0.0,0.0,0.0,38.0,65.0,47.0,113.0,118.0,68.0,59.0,68.0,48.0,74.0,63.0,35.0,35.0,28.0,30.0,15.0,6.0,116.0,69.0,14.0,19.0,0.0,0.0,0.0,0.0,0.0,0.0,0.0,52.0,64.0,40.0,111.0,82.0,80.0,68.0,63.0,48.0,72.0,63.0,32.0,36.0,27.0,31.0,19.0,0.0,139.0,81.0,9.0,22.0,0.0,0.0,0.0,0.0,0.0,0.0,0.0,64.0,64.0,39.0,95.0,44.0,98.0,69.0,67.0,49.0,78.0,67.0,32.0,42.0,28.0,31.0,24.0,0.0,132.0,86.0,6.0,23.0,0.0,0.0,0.0,0.0,0.0,0.0,0.0,69.0,64.0,44.0,80.0,27.0,115.0,61.0,72.0,49.0,94.0,68.0,34.0,47.0,27.0,35.0,27.0,0.0,114.0,89.0,13.0,26.0,0.0,0.0,0.0,0.0,0.0,0.0,0.0,78.0,63.0,51.0,59.0,17.0,127.0,67.0,64.0,49.0,120.0,64.0,30.0,43.0,30.0,34.0,32.0,0.0,95.0,94.0,14.0,27.0,0.0,0.0,0.0,0.0,0.0,0.0,0.0,81.0,56.0,61.0,35.0,6.0,124.0,76.0,57.0,52.0,122.0,63.0,30.0,38.0,35.0,30.0,38.0,0.0,65.0,101.0,13.0,24.0,0.0,0.0,0.0,0.0,0.0,0.0,0.0,84.0,53.0,68.0,11.0,2.0,135.0,65.0,63.0,55.0,92.0,72.0,36.0,36.0,34.0,31.0,36.0,0.0,40.0,109.0,15.0,26.0,0.0,0.0,0.0,0.0,0.0,0.0,0.0,88.0,56.0,63.0,0.0,13.0,136.0,68.0,76.0,57.0,85.0,65.0,57.0,39.0,36.0,32.0,34.0,0.0,17.0,139.0,15.0,26.0,0.0,0.0,0.0,0.0,0.0,0.0,0.0,88.0,59.0,60.0,0.0,23.0,134.0,65.0,82.0,56.0,114.0,57.0,56.0,57.0,53.0,44.0,36.0,0.0,5.0,151.0,21.0,23.0,0.0,0.0,0.0,0.0,0.0,0.0,0.0,89.0,59.0,59.0,0.0,30.0,143.0,59.0,65.0,52.0,105.0,64.0,42.0,39.0,42.0,42.0,36.0,0.0,0.0,155.0,28.0,22.0,0.0,0.0,0.0,0.0,0.0,0.0,0.0,90.0,64.0,53.0,0.0,34.0,155.0,56.0,74.0,48.0,99.0,52.0,42.0,55.0,40.0,35.0,42.0,2.0,0.0,145.0,34.0,23.0,0.0,0.0,0.0,0.0,0.0,0.0,0.0,70.0,70.0,47.0,0.0,11.0,153.0,77.0,70.0,53.0,124.0,61.0,40.0,49.0,53.0,38.0,51.0,0.0,0.0,123.0,49.0,21.0,0.0,0.0,0.0,0.0,0.0,0.0,0.0,97.0,85.0,46.0,0.0,0.0,31.0,73.0,68.0,51.0,168.0,73.0,47.0,60.0,55.0,38.0,7.0,0.0,0.0,106.0,60.0,23.0,0.0,0.0,0.0,0.0,0.0,0.0,0.0,42.0,49.0,17.0,0.0,0.0,0.0,0.0,0.0,0.0,39.0,19.0,10.0,21.0,1.0,0.0,0.0,1.0,0.0,73.0,56.0,13.0,0.0,0.0,0.0
0.0,0.0,0.0,0.0,0.0,0.0,0.0,0.0,0.0,57.0,168.0,142.0,101.0,93.0,76.0,79.0,173.0,175.0,0.0,0.0,0.0,0.0,0.0,0.0,0.0,0.0,0.0,0.0,0.0,0.0,0.0,0.0,0.0,0.0,0.0,55.0,224.0,255.0,254.0,251.0,255.0,255.0,255.0,255.0,254.0,255.0,255.0,190.0,114.0,1.0,0.0,0.0,0.0,0.0,0.0,0.0,0.0,0.0,0.0,0.0,0.0,13.0,189.0,255.0,237.0,228.0,223.0,216.0,217.0,215.0,221.0,223.0,225.0,225.0,236.0,241.0,247.0,255.0,114.0,0.0,0.0,0.0,0.0,0.0,0.0,0.0,0.0,0.0,0.0,252.0,246.0,221.0,226.0,225.0,229.0,229.0,226.0,226.0,229.0,227.0,229.0,227.0,224.0,226.0,219.0,228.0,235.0,38.0,0.0,1.0,0.0,0.0,0.0,0.0,0.0,0.0,93.0,240.0,217.0,224.0,217.0,211.0,215.0,216.0,215.0,215.0,214.0,216.0,216.0,218.0,221.0,215.0,219.0,216.0,235.0,178.0,0.0,0.0,0.0,0.0,0.0,0.0,0.0,0.0,175.0,238.0,217.0,229.0,255.0,255.0,255.0,255.0,255.0,255.0,255.0,255.0,255.0,255.0,255.0,255.0,255.0,226.0,224.0,254.0,0.0,0.0,0.0,0.0,0.0,0.0,0.0,0.0,233.0,234.0,227.0,254.0,162.0,93.0,69.0,64.0,53.0,46.0,44.0,45.0,43.0,50.0,74.0,88.0,111.0,225.0,229.0,233.0,47.0,0.0,0.0,0.0,0.0,0.0,0.0,0.0,255.0,235.0,207.0,0.0,0.0,0.0,0.0,0.0,0.0,0.0,0.0,0.0,0.0,0.0,80.0,214.0,0.0,168.0,234.0,236.0,135.0,0.0,0.0,0.0,0.0,0.0,0.0,57.0,255.0,229.0,249.0,117.0,0.0,0.0,12.0,8.0,7.0,8.0,9.0,6.0,6.0,0.0,6.0,25.0,0.0,255.0,227.0,228.0,209.0,0.0,0.0,0.0,0.0,0.0,0.0,108.0,230.0,220.0,237.0,255.0,23.0,10.0,12.0,13.0,12.0,12.0,13.0,12.0,11.0,9.0,1.0,0.0,43.0,235.0,222.0,225.0,238.0,49.0,0.0,0.0,0.0,0.0,0.0,199.0,251.0,234.0,241.0,255.0,9.0,0.0,0.0,0.0,0.0,0.0,0.0,0.0,0.0,0.0,0.0,0.0,30.0,255.0,229.0,210.0,200.0,32.0,0.0,0.0,0.0,0.0,0.0,25.0,117.0,213.0,210.0,221.0,25.0,46.0,83.0,94.0,100.0,106.0,115.0,118.0,116.0,110.0,90.0,83.0,12.0,18.0,15.0,0.0,0.0,0.0,0.0,0.0,0.0,0.0,0.0,0.0,0.0,0.0,0.0,185.0,255.0,255.0,255.0,255.0,255.0,250.0,251.0,250.0,249.0,251.0,246.0,255.0,223.0,0.0,0.0,0.0,0.0,0.0,0.0,0.0,0.0,0.0,0.0,2.0,3.0,0.0,0.0,179.0,245.0,228.0,230.0,224.0,222.0,222.0,223.0,220.0,221.0,226.0,227.0,236.0,182.0,0.0,0.0,2.0,0.0,0.0,0.0,0.0,0.0,0.0,0.0,0.0,0.0,0.0,0.0,154.0,247.0,230.0,237.0,236.0,235.0,236.0,236.0,232.0,234.0,232.0,228.0,245.0,194.0,0.0,0.0,0.0,0.0,0.0,0.0,0.0,0.0,0.0,0.0,0.0,0.0,2.0,0.0,127.0,246.0,221.0,236.0,234.0,233.0,233.0,235.0,232.0,232.0,233.0,226.0,240.0,216.0,0.0,0.0,1.0,0.0,0.0,0.0,0.0,0.0,0.0,0.0,0.0,0.0,3.0,0.0,104.0,255.0,224.0,238.0,234.0,233.0,232.0,235.0,233.0,232.0,233.0,227.0,241.0,222.0,0.0,0.0,1.0,0.0,0.0,0.0,0.0,0.0,0.0,0.0,0.0,0.0,4.0,0.0,96.0,255.0,221.0,237.0,234.0,233.0,233.0,235.0,233.0,232.0,234.0,226.0,238.0,233.0,0.0,0.0,1.0,0.0,0.0,0.0,0.0,0.0,0.0,0.0,0.0,0.0,4.0,0.0,87.0,255.0,222.0,236.0,234.0,233.0,232.0,235.0,233.0,231.0,236.0,226.0,235.0,240.0,0.0,0.0,0.0,0.0,0.0,0.0,0.0,0.0,0.0,0.0,0.0,0.0,5.0,0.0,81.0,255.0,225.0,236.0,234.0,234.0,233.0,235.0,235.0,233.0,232.0,228.0,231.0,255.0,0.0,0.0,1.0,0.0,0.0,0.0,0.0,0.0,0.0,0.0,0.0,0.0,5.0,0.0,80.0,255.0,225.0,235.0,234.0,234.0,234.0,235.0,236.0,233.0,232.0,233.0,228.0,255.0,24.0,0.0,2.0,0.0,0.0,0.0,0.0,0.0,0.0,0.0,0.0,0.0,5.0,0.0,81.0,255.0,225.0,236.0,235.0,235.0,234.0,234.0,236.0,233.0,233.0,234.0,223.0,255.0,50.0,0.0,4.0,0.0,0.0,0.0,0.0,0.0,0.0,0.0,0.0,0.0,5.0,0.0,80.0,255.0,225.0,236.0,235.0,235.0,234.0,234.0,236.0,233.0,231.0,233.0,219.0,255.0,79.0,0.0,5.0,0.0,0.0,0.0,0.0,0.0,0.0,0.0,0.0,0.0,4.0,0.0,86.0,255.0,229.0,237.0,238.0,235.0,233.0,234.0,235.0,234.0,233.0,233.0,223.0,255.0,79.0,0.0,7.0,0.0,0.0,0.0,0.0,0.0,0.0,0.0,0.0,0.0,3.0,0.0,111.0,255.0,226.0,237.0,237.0,236.0,234.0,235.0,236.0,235.0,234.0,233.0,223.0,243.0,85.0,0.0,3.0,0.0,0.0,0.0,0.0,0.0,0.0,0.0,0.0,0.0,1.0,0.0,132.0,244.0,224.0,237.0,238.0,238.0,235.0,235.0,236.0,234.0,233.0,232.0,218.0,241.0,125.0,0.0,3.0,0.0,0.0,0.0,0.0,0.0,0.0,0.0,0.0,0.0,0.0,0.0,195.0,248.0,234.0,239.0,239.0,240.0,238.0,237.0,243.0,244.0,244.0,244.0,236.0,253.0,193.0,0.0,1.0,0.0,0.0,0.0,0.0,0.0,0.0,0.0,0.0,0.0,0.0,0.0,148.0,223.0,217.0,231.0,232.0,234.0,236.0,230.0,220.0,217.0,214.0,208.0,186.0,194.0,84.0,0.0,0.0,0.0,0.0,0.0,0.0
0.0,0.0,0.0,0.0,0.0,0.0,0.0,0.0,0.0,7.0,58.0,116.0,86.0,70.0,49.0,56.0,112.0,40.0,0.0,0.0,0.0,0.0,1.0,0.0,0.0,0.0,0.0,0.0,0.0,0.0,0.0,0.0,1.0,0.0,0.0,43.0,85.0,98.0,112.0,134.0,127.0,75.0,43.0,105.0,173.0,117.0,81.0,75.0,35.0,0.0,0.0,0.0,0.0,0.0,0.0,0.0,0.0,0.0,0.0,1.0,0.0,0.0,92.0,106.0,78.0,57.0,98.0,158.0,105.0,105.0,120.0,107.0,162.0,109.0,60.0,85.0,100.0,86.0,7.0,0.0,1.0,0.0,0.0,0.0,0.0,0.0,0.0,0.0,0.0,50.0,105.0,58.0,67.0,65.0,57.0,193.0,169.0,103.0,109.0,162.0,238.0,70.0,50.0,65.0,68.0,102.0,71.0,0.0,0.0,0.0,0.0,0.0,0.0,0.0,0.0,0.0,0.0,95.0,98.0,65.0,74.0,79.0,71.0,84.0,168.0,168.0,176.0,232.0,106.0,70.0,92.0,67.0,88.0,84.0,93.0,0.0,0.0,0.0,0.0,0.0,0.0,0.0,0.0,0.0,0.0,105.0,105.0,79.0,68.0,58.0,78.0,43.0,70.0,231.0,242.0,117.0,23.0,68.0,91.0,65.0,88.0,89.0,105.0,8.0,0.0,0.0,0.0,0.0,0.0,0.0,0.0,0.0,15.0,107.0,114.0,84.0,78.0,67.0,50.0,54.0,18.0,222.0,211.0,15.0,57.0,54.0,67.0,67.0,96.0,93.0,110.0,37.0,0.0,0.0,0.0,0.0,0.0,0.0,0.0,0.0,36.0,107.0,140.0,98.0,74.0,63.0,60.0,53.0,30.0,154.0,131.0,28.0,56.0,57.0,57.0,75.0,120.0,133.0,91.0,42.0,0.0,0.0,0.0,0.0,0.0,0.0,0.0,0.0,56.0,92.0,163.0,113.0,79.0,63.0,63.0,67.0,65.0,78.0,93.0,74.0,71.0,71.0,85.0,71.0,106.0,152.0,98.0,61.0,0.0,0.0,0.0,0.0,0.0,0.0,0.0,0.0,72.0,84.0,144.0,161.0,89.0,89.0,81.0,79.0,74.0,72.0,110.0,95.0,77.0,82.0,95.0,67.0,123.0,155.0,114.0,89.0,0.0,0.0,0.0,0.0,0.0,0.0,0.0,0.0,88.0,77.0,161.0,176.0,93.0,82.0,72.0,74.0,63.0,70.0,96.0,78.0,79.0,86.0,95.0,71.0,204.0,189.0,116.0,89.0,0.0,0.0,0.0,0.0,0.0,0.0,0.0,0.0,98.0,68.0,183.0,165.0,95.0,79.0,71.0,85.0,81.0,75.0,82.0,81.0,91.0,88.0,78.0,77.0,224.0,197.0,107.0,93.0,0.0,0.0,0.0,0.0,0.0,0.0,0.0,0.0,99.0,64.0,186.0,177.0,84.0,71.0,67.0,78.0,72.0,79.0,103.0,67.0,91.0,93.0,91.0,67.0,211.0,214.0,75.0,89.0,9.0,0.0,0.0,0.0,0.0,0.0,0.0,14.0,100.0,61.0,187.0,170.0,75.0,77.0,82.0,82.0,75.0,85.0,112.0,102.0,88.0,93.0,81.0,65.0,228.0,200.0,64.0,93.0,21.0,0.0,0.0,0.0,0.0,0.0,0.0,30.0,100.0,65.0,184.0,201.0,72.0,82.0,86.0,84.0,75.0,79.0,89.0,89.0,91.0,93.0,74.0,89.0,247.0,186.0,74.0,95.0,39.0,0.0,0.0,0.0,0.0,0.0,0.0,40.0,105.0,75.0,175.0,201.0,58.0,85.0,70.0,86.0,93.0,91.0,92.0,68.0,82.0,93.0,65.0,79.0,254.0,170.0,82.0,106.0,51.0,0.0,0.0,0.0,0.0,0.0,0.0,51.0,107.0,85.0,170.0,218.0,50.0,102.0,91.0,89.0,74.0,95.0,110.0,74.0,67.0,86.0,64.0,54.0,246.0,159.0,88.0,99.0,63.0,0.0,0.0,0.0,0.0,0.0,0.0,67.0,102.0,85.0,196.0,201.0,56.0,72.0,74.0,77.0,75.0,92.0,116.0,81.0,78.0,79.0,72.0,60.0,229.0,158.0,96.0,88.0,70.0,0.0,0.0,0.0,0.0,0.0,0.0,75.0,98.0,103.0,189.0,142.0,63.0,85.0,74.0,72.0,95.0,86.0,126.0,99.0,98.0,99.0,100.0,53.0,218.0,193.0,114.0,82.0,92.0,0.0,0.0,0.0,0.0,0.0,0.0,88.0,93.0,114.0,170.0,109.0,67.0,88.0,88.0,86.0,86.0,98.0,96.0,102.0,92.0,85.0,95.0,51.0,182.0,203.0,109.0,95.0,98.0,0.0,0.0,0.0,0.0,0.0,0.0,96.0,88.0,133.0,163.0,100.0,82.0,78.0,98.0,92.0,93.0,99.0,103.0,78.0,84.0,82.0,92.0,56.0,116.0,208.0,120.0,86.0,114.0,0.0,0.0,0.0,0.0,0.0,0.0,95.0,81.0,158.0,144.0,74.0,85.0,88.0,89.0,107.0,93.0,92.0,141.0,95.0,82.0,102.0,96.0,67.0,103.0,228.0,121.0,84.0,112.0,0.0,0.0,0.0,0.0,0.0,0.0,98.0,85.0,161.0,155.0,70.0,93.0,91.0,85.0,105.0,98.0,98.0,120.0,127.0,100.0,109.0,105.0,74.0,102.0,218.0,123.0,91.0,106.0,0.0,0.0,0.0,0.0,0.0,0.0,106.0,85.0,144.0,212.0,75.0,89.0,79.0,75.0,92.0,116.0,93.0,110.0,93.0,92.0,89.0,93.0,79.0,82.0,207.0,142.0,91.0,103.0,0.0,0.0,0.0,0.0,0.0,0.0,110.0,88.0,151.0,187.0,72.0,89.0,82.0,86.0,91.0,114.0,98.0,149.0,95.0,91.0,103.0,105.0,86.0,58.0,208.0,173.0,86.0,84.0,0.0,0.0,0.0,0.0,0.0,0.0,109.0,89.0,148.0,193.0,91.0,88.0,81.0,95.0,96.0,99.0,88.0,142.0,130.0,100.0,102.0,99.0,86.0,77.0,214.0,156.0,91.0,77.0,0.0,0.0,0.0,0.0,0.0,0.0,114.0,103.0,182.0,214.0,65.0,137.0,121.0,120.0,107.0,107.0,112.0,135.0,119.0,117.0,120.0,110.0,135.0,71.0,187.0,173.0,112.0,95.0,0.0,0.0,0.0,0.0,0.0,0.0,12.0,33.0,145.0,84.0,0.0,4.0,23.0,42.0,46.0,44.0,40.0,51.0,50.0,54.0,47.0,35.0,25.0,0.0,79.0,130.0,37.0,18.0,0.0,0.0,0.0
0.0,0.0,0.0,0.0,0.0,0.0,0.0,0.0,0.0,0.0,0.0,0.0,0.0,0.0,0.0,0.0,0.0,0.0,0.0,0.0,0.0,0.0,0.0,0.0,0.0,0.0,0.0,0.0,0.0,0.0,0.0,0.0,0.0,0.0,0.0,0.0,0.0,0.0,0.0,0.0,0.0,0.0,0.0,0.0,0.0,0.0,0.0,0.0,0.0,0.0,0.0,0.0,0.0,0.0,0.0,0.0,0.0,0.0,0.0,0.0,0.0,0.0,0.0,0.0,0.0,0.0,0.0,0.0,0.0,0.0,0.0,0.0,0.0,0.0,0.0,0.0,0.0,0.0,0.0,0.0,0.0,0.0,0.0,0.0,0.0,0.0,0.0,0.0,0.0,0.0,0.0,0.0,0.0,0.0,0.0,0.0,0.0,0.0,0.0,0.0,0.0,0.0,0.0,0.0,0.0,0.0,0.0,0.0,0.0,0.0,0.0,0.0,0.0,0.0,0.0,0.0,0.0,0.0,0.0,0.0,0.0,0.0,0.0,1.0,0.0,53.0,51.0,0.0,0.0,0.0,0.0,1.0,1.0,1.0,0.0,0.0,0.0,0.0,0.0,0.0,0.0,0.0,0.0,0.0,0.0,0.0,0.0,0.0,0.0,0.0,0.0,0.0,0.0,171.0,138.0,155.0,94.0,0.0,0.0,0.0,0.0,0.0,0.0,25.0,63.0,102.0,11.0,0.0,0.0,0.0,0.0,0.0,0.0,0.0,0.0,0.0,0.0,0.0,8.0,0.0,62.0,185.0,111.0,126.0,196.0,33.0,0.0,0.0,35.0,123.0,181.0,170.0,121.0,174.0,38.0,0.0,0.0,0.0,0.0,0.0,0.0,0.0,0.0,0.0,0.0,0.0,1.0,0.0,136.0,182.0,64.0,115.0,135.0,151.0,120.0,161.0,199.0,166.0,144.0,113.0,85.0,140.0,77.0,0.0,0.0,0.0,0.0,0.0,0.0,0.0,0.0,0.0,0.0,1.0,0.0,0.0,181.0,157.0,59.0,114.0,121.0,109.0,141.0,160.0,153.0,153.0,139.0,117.0,133.0,129.0,136.0,0.0,0.0,0.0,0.0,0.0,0.0,0.0,0.0,0.0,0.0,4.0,0.0,46.0,215.0,112.0,87.0,116.0,139.0,121.0,110.0,172.0,164.0,157.0,145.0,137.0,172.0,111.0,170.0,8.0,0.0,0.0,0.0,0.0,0.0,0.0,0.0,0.0,0.0,0.0,0.0,165.0,196.0,74.0,89.0,133.0,144.0,111.0,156.0,171.0,161.0,157.0,154.0,162.0,178.0,114.0,159.0,91.0,0.0,0.0,0.0,0.0,1.0,1.0,2.0,0.0,1.0,0.0,0.0,206.0,145.0,69.0,106.0,120.0,124.0,133.0,175.0,157.0,152.0,160.0,167.0,163.0,178.0,116.0,126.0,150.0,1.0,0.0,0.0,0.0,4.0,2.0,1.0,0.0,3.0,0.0,123.0,207.0,74.0,100.0,106.0,106.0,114.0,160.0,161.0,160.0,166.0,168.0,159.0,167.0,159.0,70.0,104.0,160.0,0.0,1.0,0.0,0.0,1.0,1.0,0.0,0.0,0.0,0.0,201.0,147.0,81.0,105.0,96.0,107.0,139.0,165.0,147.0,155.0,159.0,157.0,157.0,165.0,137.0,86.0,167.0,155.0,0.0,0.0,0.0,0.0,0.0,1.0,2.0,0.0,0.0,168.0,201.0,93.0,112.0,98.0,100.0,113.0,146.0,124.0,134.0,146.0,162.0,163.0,171.0,176.0,191.0,184.0,226.0,59.0,0.0,0.0,0.0,0.0,0.0,2.0,0.0,0.0,135.0,205.0,159.0,111.0,100.0,107.0,109.0,129.0,126.0,123.0,165.0,168.0,181.0,216.0,214.0,194.0,184.0,151.0,179.0,0.0,1.0,7.0,4.0,0.0,0.0,0.0,0.0,148.0,203.0,164.0,156.0,151.0,132.0,120.0,125.0,131.0,138.0,171.0,177.0,201.0,250.0,182.0,170.0,173.0,147.0,148.0,160.0,0.0,0.0,0.0,0.0,0.0,0.0,76.0,211.0,204.0,168.0,172.0,159.0,154.0,136.0,135.0,138.0,159.0,166.0,185.0,206.0,187.0,64.0,0.0,97.0,184.0,156.0,157.0,142.0,0.0,0.0,98.0,171.0,175.0,218.0,210.0,189.0,170.0,171.0,164.0,147.0,148.0,131.0,138.0,171.0,166.0,188.0,228.0,79.0,0.0,0.0,0.0,128.0,165.0,145.0,173.0,117.0,0.0,91.0,220.0,197.0,183.0,180.0,157.0,167.0,165.0,145.0,140.0,129.0,145.0,136.0,159.0,172.0,194.0,192.0,5.0,0.0,0.0,8.0,0.0,125.0,159.0,140.0,150.0,95.0,0.0,145.0,202.0,161.0,149.0,115.0,80.0,77.0,82.0,85.0,110.0,141.0,161.0,176.0,178.0,189.0,183.0,0.0,0.0,0.0,0.0,2.0,0.0,124.0,158.0,141.0,151.0,83.0,0.0,134.0,222.0,211.0,203.0,197.0,208.0,181.0,163.0,155.0,165.0,177.0,176.0,176.0,184.0,183.0,0.0,0.0,0.0,1.0,0.0,5.0,0.0,136.0,168.0,143.0,151.0,51.0,0.0,0.0,40.0,110.0,178.0,181.0,189.0,255.0,222.0,242.0,243.0,221.0,200.0,184.0,185.0,8.0,0.0,0.0,0.0,0.0,0.0,5.0,0.0,168.0,165.0,146.0,199.0,49.0,0.0,0.0,0.0,0.0,0.0,0.0,0.0,46.0,18.0,73.0,73.0,24.0,89.0,27.0,0.0,0.0,0.0,0.0,0.0,0.0,0.0,0.0,0.0,4.0,0.0,0.0,2.0,0.0,0.0,0.0,0.0,0.0,0.0,0.0,0.0,0.0,0.0,0.0,0.0,0.0,0.0,0.0,0.0,0.0,0.0,0.0,0.0,0.0,0.0,0.0,0.0,0.0,0.0,0.0,0.0,0.0,0.0,0.0,0.0,0.0,0.0,0.0,0.0,0.0,0.0,0.0,0.0,0.0,0.0,0.0,0.0,0.0,0.0,0.0,0.0,0.0,0.0,0.0,0.0,0.0,0.0,0.0,0.0,0.0,0.0,0.0,0.0,0.0,0.0,0.0,0.0,0.0,0.0,0.0,0.0,0.0,0.0,0.0,0.0,0.0,0.0,0.0,0.0,0.0,0.0,0.0,0.0,0.0,0.0,0.0,0.0,0.0,0.0,0.0,0.0,0.0,0.0,0.0,0.0,0.0,0.0,0.0,0.0,0.0,0.0,0.0,0.0,0.0,0.0,0.0,0.0,0.0,0.0,0.0,0.0,0.0,0.0,0.0,0.0,0.0,0.0
0.0,0.0,0.0,0.0,0.0,0.0,0.0,0.0,0.0,11.0,151.0,108.0,121.0,126.0,124.0,144.0,119.0,112.0,112.0,78.0,0.0,0.0,0.0,0.0,0.0,0.0,0.0,0.0,0.0,0.0,0.0,0.0,0.0,0.0,0.0,0.0,0.0,40.0,185.0,169.0,157.0,187.0,166.0,182.0,144.0,137.0,164.0,121.0,0.0,0.0,0.0,0.0,0.0,0.0,0.0,0.0,0.0,0.0,0.0,0.0,0.0,0.0,0.0,0.0,0.0,90.0,164.0,155.0,160.0,173.0,180.0,151.0,144.0,178.0,151.0,112.0,0.0,0.0,0.0,0.0,0.0,0.0,0.0,0.0,0.0,0.0,0.0,0.0,0.0,0.0,0.0,0.0,0.0,153.0,164.0,157.0,157.0,157.0,142.0,151.0,148.0,151.0,151.0,133.0,0.0,0.0,0.0,0.0,0.0,0.0,0.0,0.0,0.0,0.0,0.0,0.0,0.0,0.0,0.0,0.0,0.0,180.0,164.0,146.0,160.0,191.0,133.0,155.0,155.0,142.0,153.0,151.0,0.0,0.0,0.0,0.0,0.0,0.0,0.0,0.0,0.0,0.0,0.0,0.0,0.0,0.0,0.0,0.0,11.0,198.0,160.0,171.0,185.0,180.0,176.0,198.0,169.0,162.0,153.0,166.0,6.0,0.0,0.0,0.0,0.0,0.0,0.0,0.0,0.0,0.0,0.0,0.0,0.0,0.0,0.0,0.0,40.0,191.0,151.0,144.0,142.0,182.0,250.0,216.0,191.0,178.0,155.0,160.0,13.0,0.0,0.0,0.0,0.0,0.0,0.0,0.0,0.0,0.0,0.0,0.0,0.0,0.0,0.0,0.0,63.0,185.0,137.0,151.0,173.0,255.0,54.0,236.0,187.0,182.0,171.0,166.0,11.0,0.0,0.0,0.0,0.0,0.0,0.0,0.0,0.0,0.0,0.0,0.0,0.0,0.0,0.0,0.0,83.0,180.0,169.0,180.0,191.0,153.0,0.0,178.0,212.0,187.0,173.0,178.0,15.0,0.0,0.0,0.0,0.0,0.0,0.0,0.0,0.0,0.0,0.0,0.0,0.0,0.0,0.0,0.0,117.0,157.0,137.0,137.0,189.0,72.0,0.0,81.0,214.0,173.0,162.0,176.0,15.0,0.0,0.0,0.0,0.0,0.0,0.0,0.0,0.0,0.0,0.0,0.0,0.0,0.0,0.0,0.0,126.0,160.0,135.0,146.0,187.0,0.0,0.0,0.0,232.0,187.0,164.0,173.0,27.0,0.0,0.0,0.0,0.0,0.0,0.0,0.0,0.0,0.0,0.0,0.0,0.0,0.0,0.0,0.0,137.0,157.0,133.0,153.0,155.0,0.0,0.0,0.0,178.0,198.0,162.0,180.0,45.0,0.0,0.0,0.0,0.0,0.0,0.0,0.0,0.0,0.0,0.0,0.0,0.0,0.0,0.0,0.0,144.0,162.0,130.0,171.0,139.0,0.0,4.0,0.0,128.0,200.0,169.0,180.0,51.0,0.0,0.0,0.0,0.0,0.0,0.0,0.0,0.0,0.0,0.0,0.0,0.0,0.0,0.0,0.0,155.0,151.0,144.0,164.0,22.0,0.0,2.0,0.0,65.0,203.0,169.0,166.0,58.0,0.0,0.0,0.0,0.0,0.0,0.0,0.0,0.0,0.0,0.0,0.0,0.0,0.0,0.0,0.0,162.0,189.0,171.0,185.0,20.0,0.0,4.0,0.0,27.0,203.0,178.0,182.0,67.0,0.0,0.0,0.0,0.0,0.0,0.0,0.0,0.0,0.0,0.0,0.0,0.0,0.0,0.0,0.0,153.0,164.0,173.0,171.0,36.0,0.0,4.0,0.0,4.0,198.0,191.0,178.0,78.0,0.0,0.0,0.0,0.0,0.0,0.0,0.0,0.0,0.0,0.0,0.0,0.0,0.0,0.0,0.0,124.0,194.0,151.0,164.0,20.0,0.0,4.0,0.0,0.0,187.0,203.0,180.0,92.0,0.0,0.0,0.0,0.0,0.0,0.0,0.0,0.0,0.0,0.0,0.0,0.0,0.0,0.0,0.0,78.0,216.0,166.0,180.0,33.0,0.0,4.0,0.0,0.0,171.0,189.0,203.0,94.0,0.0,0.0,0.0,0.0,0.0,0.0,0.0,0.0,0.0,0.0,0.0,0.0,0.0,0.0,0.0,24.0,207.0,178.0,171.0,60.0,0.0,2.0,0.0,0.0,200.0,173.0,187.0,130.0,0.0,0.0,0.0,0.0,0.0,0.0,0.0,0.0,0.0,0.0,0.0,0.0,0.0,0.0,0.0,0.0,189.0,185.0,180.0,88.0,0.0,2.0,0.0,0.0,200.0,182.0,166.0,144.0,0.0,0.0,0.0,0.0,0.0,0.0,0.0,0.0,0.0,0.0,0.0,0.0,0.0,0.0,0.0,0.0,176.0,178.0,191.0,119.0,0.0,0.0,0.0,0.0,162.0,205.0,169.0,185.0,0.0,0.0,0.0,0.0,0.0,0.0,0.0,0.0,0.0,0.0,0.0,0.0,0.0,0.0,0.0,0.0,157.0,176.0,189.0,178.0,0.0,0.0,2.0,0.0,133.0,218.0,164.0,153.0,0.0,0.0,0.0,0.0,0.0,0.0,0.0,0.0,0.0,0.0,0.0,0.0,0.0,0.0,0.0,0.0,94.0,182.0,187.0,176.0,0.0,0.0,4.0,0.0,99.0,212.0,178.0,139.0,0.0,0.0,0.0,0.0,0.0,0.0,0.0,0.0,0.0,0.0,0.0,0.0,0.0,0.0,0.0,0.0,27.0,185.0,173.0,194.0,2.0,0.0,4.0,0.0,81.0,212.0,178.0,153.0,0.0,0.0,0.0,0.0,0.0,0.0,0.0,0.0,0.0,0.0,0.0,0.0,0.0,0.0,0.0,0.0,0.0,173.0,173.0,191.0,54.0,0.0,4.0,0.0,63.0,223.0,176.0,162.0,0.0,0.0,0.0,0.0,0.0,0.0,0.0,0.0,0.0,0.0,0.0,0.0,0.0,0.0,0.0,0.0,0.0,164.0,185.0,189.0,99.0,0.0,4.0,0.0,42.0,221.0,196.0,151.0,0.0,0.0,0.0,0.0,0.0,0.0,0.0,0.0,0.0,0.0,0.0,0.0,0.0,0.0,0.0,0.0,0.0,178.0,189.0,196.0,169.0,0.0,0.0,0.0,27.0,200.0,212.0,200.0,0.0,0.0,0.0,0.0,0.0,0.0,0.0,0.0,0.0,0.0,0.0,0.0,0.0,0.0,0.0,0.0,0.0,121.0,187.0,176.0,182.0,0.0,0.0,0.0,4.0,200.0,203.0,166.0,0.0,0.0,0.0,0.0,0.0,0.0,0.0
0.0,0.0,0.0,0.0,0.0,0.0,0.0,0.0,1.0,0.0,0.0,0.0,90.0,164.0,112.0,152.0,126.0,0.0,0.0,0.0,1.0,1.0,1.0,0.0,0.0,0.0,0.0,0.0,0.0,0.0,0.0,0.0,0.0,0.0,0.0,0.0,0.0,0.0,0.0,97.0,255.0,242.0,238.0,243.0,249.0,127.0,0.0,0.0,0.0,0.0,0.0,0.0,0.0,0.0,0.0,0.0,0.0,0.0,0.0,0.0,0.0,0.0,0.0,0.0,59.0,178.0,220.0,240.0,222.0,235.0,231.0,243.0,231.0,231.0,223.0,179.0,79.0,0.0,0.0,0.0,0.0,0.0,0.0,0.0,0.0,0.0,0.0,0.0,0.0,0.0,0.0,16.0,232.0,231.0,222.0,222.0,222.0,236.0,234.0,244.0,227.0,216.0,220.0,225.0,242.0,99.0,0.0,0.0,0.0,0.0,0.0,0.0,0.0,0.0,0.0,0.0,0.0,0.0,0.0,129.0,240.0,214.0,220.0,231.0,223.0,225.0,247.0,252.0,216.0,219.0,219.0,211.0,219.0,186.0,0.0,0.0,0.0,0.0,0.0,0.0,0.0,0.0,0.0,0.0,0.0,0.0,0.0,180.0,238.0,221.0,222.0,220.0,225.0,211.0,247.0,249.0,209.0,221.0,218.0,213.0,215.0,209.0,0.0,0.0,0.0,0.0,0.0,0.0,0.0,0.0,0.0,0.0,0.0,0.0,0.0,205.0,236.0,225.0,222.0,218.0,221.0,217.0,242.0,241.0,211.0,216.0,209.0,213.0,215.0,215.0,3.0,0.0,0.0,0.0,0.0,0.0,0.0,0.0,0.0,0.0,0.0,0.0,0.0,229.0,231.0,231.0,230.0,223.0,217.0,215.0,240.0,230.0,211.0,210.0,209.0,216.0,216.0,253.0,23.0,0.0,0.0,0.0,0.0,0.0,0.0,0.0,0.0,0.0,0.0,0.0,0.0,207.0,224.0,234.0,234.0,224.0,218.0,219.0,220.0,212.0,217.0,216.0,210.0,232.0,221.0,253.0,54.0,0.0,0.0,0.0,0.0,0.0,0.0,0.0,0.0,0.0,0.0,0.0,0.0,212.0,227.0,216.0,230.0,226.0,219.0,224.0,207.0,191.0,221.0,210.0,215.0,220.0,219.0,247.0,78.0,0.0,0.0,0.0,0.0,0.0,0.0,0.0,0.0,0.0,0.0,0.0,0.0,219.0,229.0,178.0,214.0,233.0,218.0,216.0,227.0,212.0,210.0,212.0,226.0,152.0,219.0,246.0,97.0,0.0,0.0,0.0,0.0,0.0,0.0,0.0,0.0,0.0,0.0,0.0,2.0,223.0,230.0,168.0,200.0,241.0,219.0,221.0,218.0,208.0,215.0,208.0,218.0,123.0,244.0,241.0,115.0,0.0,0.0,0.0,0.0,0.0,0.0,0.0,0.0,0.0,0.0,0.0,19.0,227.0,231.0,156.0,191.0,243.0,216.0,227.0,199.0,166.0,224.0,208.0,226.0,120.0,240.0,238.0,124.0,0.0,0.0,0.0,0.0,0.0,0.0,0.0,0.0,0.0,0.0,0.0,36.0,229.0,233.0,132.0,187.0,242.0,216.0,219.0,224.0,213.0,213.0,209.0,231.0,122.0,234.0,241.0,130.0,0.0,0.0,0.0,0.0,0.0,0.0,0.0,0.0,0.0,0.0,0.0,49.0,230.0,228.0,148.0,209.0,231.0,218.0,221.0,223.0,210.0,214.0,208.0,225.0,181.0,232.0,240.0,139.0,0.0,0.0,0.0,0.0,0.0,0.0,0.0,0.0,0.0,0.0,0.0,57.0,231.0,221.0,217.0,236.0,224.0,220.0,220.0,220.0,190.0,214.0,210.0,224.0,229.0,240.0,235.0,144.0,0.0,0.0,0.0,0.0,0.0,0.0,0.0,0.0,0.0,0.0,0.0,57.0,230.0,224.0,173.0,227.0,231.0,222.0,215.0,225.0,213.0,214.0,210.0,228.0,175.0,218.0,242.0,150.0,0.0,0.0,0.0,0.0,0.0,0.0,0.0,0.0,0.0,0.0,0.0,57.0,230.0,224.0,167.0,227.0,222.0,219.0,217.0,227.0,208.0,216.0,211.0,223.0,169.0,208.0,245.0,157.0,0.0,0.0,0.0,0.0,0.0,0.0,0.0,0.0,0.0,0.0,0.0,57.0,231.0,221.0,183.0,233.0,224.0,221.0,215.0,228.0,209.0,216.0,214.0,224.0,184.0,206.0,245.0,159.0,0.0,0.0,0.0,0.0,0.0,0.0,0.0,0.0,0.0,0.0,0.0,56.0,231.0,220.0,164.0,237.0,220.0,221.0,215.0,230.0,211.0,216.0,216.0,227.0,180.0,196.0,232.0,157.0,0.0,0.0,0.0,0.0,0.0,0.0,0.0,0.0,0.0,0.0,0.0,55.0,231.0,214.0,135.0,245.0,220.0,223.0,218.0,232.0,215.0,213.0,215.0,232.0,181.0,200.0,232.0,162.0,0.0,0.0,0.0,0.0,0.0,0.0,0.0,0.0,0.0,0.0,0.0,80.0,244.0,219.0,156.0,250.0,218.0,223.0,218.0,231.0,217.0,212.0,213.0,234.0,187.0,212.0,246.0,175.0,0.0,0.0,0.0,0.0,0.0,0.0,0.0,0.0,0.0,0.0,0.0,0.0,59.0,0.0,109.0,241.0,219.0,224.0,217.0,231.0,218.0,214.0,212.0,224.0,207.0,0.0,38.0,0.0,0.0,0.0,0.0,0.0,0.0,0.0,0.0,0.0,0.0,0.0,0.0,0.0,0.0,0.0,105.0,242.0,220.0,225.0,219.0,234.0,218.0,216.0,217.0,224.0,222.0,0.0,0.0,0.0,0.0,0.0,0.0,0.0,0.0,0.0,0.0,0.0,0.0,0.0,0.0,2.0,7.0,0.0,110.0,243.0,220.0,226.0,220.0,234.0,215.0,216.0,219.0,223.0,216.0,0.0,0.0,1.0,0.0,0.0,0.0,0.0,0.0,0.0,0.0,0.0,0.0,0.0,0.0,0.0,3.0,0.0,119.0,240.0,219.0,221.0,220.0,227.0,211.0,213.0,215.0,221.0,186.0,0.0,0.0,0.0,0.0,0.0,0.0,0.0,0.0,0.0,0.0,0.0,0.0,0.0,0.0,0.0,8.0,0.0,136.0,253.0,234.0,238.0,254.0,255.0,254.0,230.0,231.0,238.0,185.0,0.0,0.0,1.0,0.0,0.0,0.0,0.0,0.0,0.0,0.0,0.0,0.0,0.0,0.0,0.0,2.0,0.0,3.0,81.0,98.0,107.0,115.0,116.0,134.0,111.0,92.0,84.0,31.0,0.0,1.0,0.0,0.0,0.0,0.0,0.0,0.0
0.0,0.0,0.0,0.0,0.0,0.0,0.0,0.0,0.0,0.0,0.0,0.0,0.0,0.0,0.0,0.0,0.0,0.0,0.0,0.0,0.0,0.0,0.0,0.0,0.0,0.0,0.0,0.0,0.0,0.0,0.0,0.0,0.0,0.0,0.0,0.0,0.0,0.0,0.0,0.0,0.0,0.0,0.0,0.0,0.0,0.0,0.0,0.0,0.0,0.0,0.0,0.0,0.0,0.0,0.0,0.0,0.0,0.0,0.0,0.0,0.0,0.0,0.0,0.0,0.0,0.0,0.0,0.0,0.0,0.0,0.0,0.0,0.0,0.0,0.0,0.0,0.0,0.0,0.0,0.0,0.0,0.0,0.0,0.0,0.0,0.0,0.0,0.0,0.0,0.0,0.0,0.0,0.0,0.0,0.0,0.0,0.0,0.0,0.0,0.0,0.0,0.0,0.0,0.0,0.0,0.0,0.0,0.0,0.0,0.0,0.0,0.0,0.0,0.0,0.0,0.0,0.0,0.0,0.0,0.0,0.0,0.0,0.0,0.0,0.0,0.0,0.0,0.0,0.0,0.0,0.0,0.0,0.0,0.0,0.0,0.0,0.0,0.0,0.0,0.0,0.0,0.0,0.0,0.0,0.0,0.0,0.0,0.0,0.0,0.0,0.0,0.0,0.0,0.0,0.0,0.0,0.0,0.0,0.0,0.0,0.0,0.0,0.0,0.0,0.0,0.0,0.0,0.0,0.0,0.0,0.0,0.0,0.0,0.0,0.0,0.0,0.0,0.0,0.0,0.0,0.0,0.0,0.0,0.0,0.0,0.0,0.0,0.0,0.0,0.0,0.0,0.0,0.0,0.0,0.0,0.0,0.0,0.0,0.0,0.0,0.0,0.0,0.0,0.0,0.0,0.0,0.0,0.0,0.0,0.0,0.0,0.0,0.0,0.0,0.0,0.0,0.0,0.0,0.0,0.0,0.0,0.0,0.0,0.0,0.0,0.0,0.0,0.0,0.0,0.0,0.0,0.0,0.0,0.0,0.0,5.0,0.0,0.0,129.0,166.0,21.0,0.0,0.0,0.0,1.0,1.0,4.0,0.0,0.0,60.0,11.0,0.0,0.0,0.0,0.0,0.0,0.0,0.0,0.0,0.0,0.0,1.0,0.0,0.0,0.0,173.0,249.0,243.0,246.0,129.0,0.0,0.0,0.0,0.0,0.0,0.0,180.0,255.0,193.0,0.0,0.0,0.0,0.0,0.0,0.0,0.0,0.0,0.0,0.0,0.0,0.0,76.0,241.0,229.0,200.0,204.0,199.0,246.0,255.0,119.0,34.0,2.0,55.0,255.0,231.0,166.0,220.0,0.0,0.0,1.0,1.0,0.0,1.0,2.0,2.0,0.0,0.0,37.0,226.0,232.0,207.0,201.0,174.0,26.0,116.0,146.0,213.0,255.0,255.0,252.0,255.0,226.0,56.0,164.0,243.0,48.0,0.0,0.0,0.0,0.0,0.0,0.0,0.0,0.0,69.0,238.0,244.0,187.0,201.0,209.0,221.0,219.0,204.0,240.0,208.0,196.0,208.0,134.0,96.0,38.0,145.0,170.0,177.0,119.0,0.0,0.0,0.0,0.0,0.0,0.0,51.0,174.0,255.0,199.0,169.0,206.0,212.0,239.0,169.0,198.0,250.0,208.0,118.0,216.0,221.0,184.0,172.0,167.0,158.0,102.0,183.0,182.0,26.0,182.0,209.0,193.0,196.0,211.0,242.0,239.0,203.0,177.0,177.0,91.0,141.0,238.0,139.0,167.0,228.0,0.0,0.0,239.0,188.0,208.0,190.0,159.0,117.0,78.0,179.0,185.0,185.0,230.0,193.0,200.0,205.0,210.0,207.0,207.0,214.0,213.0,205.0,195.0,153.0,205.0,202.0,151.0,213.0,155.0,201.0,229.0,218.0,219.0,222.0,229.0,224.0,180.0,255.0,140.0,107.0,205.0,159.0,150.0,127.0,136.0,166.0,174.0,170.0,188.0,184.0,177.0,190.0,207.0,226.0,244.0,228.0,254.0,252.0,230.0,195.0,200.0,230.0,214.0,143.0,71.0,135.0,124.0,0.0,77.0,197.0,182.0,181.0,172.0,172.0,182.0,193.0,203.0,196.0,191.0,207.0,213.0,191.0,165.0,149.0,125.0,92.0,85.0,91.0,98.0,93.0,101.0,97.0,77.0,111.0,126.0,0.0,0.0,0.0,52.0,104.0,144.0,174.0,175.0,169.0,164.0,156.0,139.0,135.0,132.0,119.0,119.0,130.0,142.0,162.0,173.0,160.0,164.0,165.0,162.0,178.0,173.0,176.0,99.0,0.0,1.0,0.0,0.0,0.0,0.0,40.0,40.0,68.0,116.0,114.0,106.0,110.0,118.0,107.0,106.0,109.0,92.0,58.0,67.0,25.0,9.0,38.0,40.0,35.0,28.0,23.0,0.0,0.0,0.0,0.0,0.0,0.0,0.0,0.0,0.0,0.0,0.0,0.0,0.0,0.0,0.0,0.0,0.0,0.0,0.0,0.0,0.0,0.0,0.0,0.0,0.0,0.0,0.0,0.0,0.0,0.0,0.0,0.0,0.0,0.0,0.0,0.0,0.0,0.0,0.0,0.0,0.0,0.0,0.0,0.0,0.0,0.0,0.0,0.0,0.0,0.0,0.0,0.0,0.0,0.0,0.0,0.0,0.0,0.0,0.0,0.0,0.0,0.0,0.0,0.0,0.0,0.0,0.0,0.0,0.0,0.0,0.0,0.0,0.0,0.0,0.0,0.0,0.0,0.0,0.0,0.0,0.0,0.0,0.0,0.0,0.0,0.0,0.0,0.0,0.0,0.0,0.0,0.0,0.0,0.0,0.0,0.0,0.0,0.0,0.0,0.0,0.0,0.0,0.0,0.0,0.0,0.0,0.0,0.0,0.0,0.0,0.0,0.0,0.0,0.0,0.0,0.0,0.0,0.0,0.0,0.0,0.0,0.0,0.0,0.0,0.0,0.0,0.0,0.0,0.0,0.0,0.0,0.0,0.0,0.0,0.0,0.0,0.0,0.0,0.0,0.0,0.0,0.0,0.0,0.0,0.0,0.0,0.0,0.0,0.0,0.0,0.0,0.0,0.0,0.0,0.0,0.0,0.0,0.0,0.0,0.0,0.0,0.0,0.0,0.0,0.0,0.0,0.0,0.0,0.0,0.0,0.0,0.0,0.0,0.0,0.0,0.0,0.0,0.0,0.0,0.0,0.0,0.0,0.0,0.0,0.0,0.0,0.0,0.0,0.0,0.0,0.0,0.0,0.0,0.0,0.0,0.0,0.0,0.0,0.0,0.0,0.0,0.0,0.0,0.0,0.0,0.0,0.0,0.0,0.0,0.0,0.0,0.0,0.0,0.0,0.0,0.0,0.0,0.0,0.0,0.0,0.0,0.0,0.0,0.0,0.0
0.0,0.0,0.0,0.0,1.0,0.0,0.0,0.0,40.0,101.0,172.0,163.0,81.0,56.0,57.0,85.0,168.0,179.0,99.0,36.0,0.0,0.0,1.0,1.0,0.0,0.0,0.0,0.0,0.0,0.0,0.0,0.0,1.0,0.0,104.0,153.0,165.0,156.0,156.0,191.0,231.0,121.0,136.0,244.0,197.0,160.0,160.0,168.0,152.0,98.0,0.0,2.0,0.0,0.0,0.0,0.0,0.0,0.0,0.0,2.0,0.0,89.0,165.0,137.0,139.0,134.0,141.0,146.0,149.0,166.0,165.0,153.0,144.0,143.0,137.0,143.0,144.0,169.0,95.0,0.0,1.0,0.0,0.0,0.0,0.0,0.0,0.0,0.0,0.0,136.0,172.0,139.0,139.0,133.0,133.0,137.0,140.0,139.0,141.0,144.0,139.0,140.0,136.0,139.0,144.0,172.0,150.0,0.0,0.0,0.0,0.0,0.0,0.0,0.0,0.0,0.0,0.0,162.0,173.0,147.0,136.0,136.0,136.0,136.0,136.0,137.0,139.0,136.0,136.0,136.0,137.0,141.0,159.0,179.0,176.0,4.0,0.0,0.0,0.0,0.0,0.0,0.0,0.0,0.0,15.0,170.0,181.0,156.0,136.0,131.0,131.0,131.0,134.0,137.0,136.0,133.0,130.0,134.0,139.0,146.0,175.0,184.0,184.0,26.0,0.0,0.0,0.0,0.0,0.0,0.0,0.0,0.0,39.0,173.0,188.0,173.0,136.0,131.0,126.0,127.0,130.0,134.0,134.0,130.0,128.0,127.0,139.0,149.0,192.0,184.0,182.0,60.0,0.0,0.0,0.0,0.0,0.0,0.0,0.0,0.0,62.0,181.0,185.0,192.0,137.0,131.0,126.0,128.0,133.0,139.0,137.0,133.0,131.0,128.0,144.0,168.0,210.0,182.0,182.0,82.0,0.0,0.0,0.0,0.0,0.0,0.0,0.0,0.0,78.0,185.0,179.0,205.0,152.0,140.0,144.0,146.0,144.0,144.0,144.0,149.0,153.0,162.0,162.0,172.0,236.0,191.0,185.0,102.0,0.0,0.0,0.0,0.0,0.0,0.0,0.0,0.0,88.0,185.0,189.0,199.0,113.0,165.0,159.0,163.0,160.0,152.0,152.0,160.0,168.0,170.0,186.0,123.0,223.0,207.0,185.0,120.0,0.0,0.0,0.0,0.0,0.0,0.0,0.0,0.0,105.0,185.0,201.0,173.0,91.0,173.0,156.0,160.0,160.0,155.0,155.0,159.0,165.0,159.0,197.0,99.0,188.0,214.0,184.0,130.0,0.0,0.0,0.0,0.0,0.0,0.0,0.0,0.0,123.0,186.0,212.0,153.0,94.0,175.0,157.0,160.0,160.0,159.0,159.0,159.0,163.0,159.0,195.0,101.0,153.0,220.0,181.0,152.0,0.0,0.0,0.0,0.0,0.0,0.0,0.0,0.0,139.0,184.0,217.0,121.0,105.0,175.0,159.0,159.0,160.0,157.0,159.0,165.0,166.0,163.0,192.0,121.0,137.0,224.0,179.0,168.0,0.0,0.0,0.0,0.0,0.0,0.0,0.0,0.0,150.0,185.0,221.0,94.0,120.0,173.0,163.0,162.0,162.0,160.0,162.0,166.0,168.0,166.0,185.0,141.0,113.0,224.0,178.0,176.0,0.0,0.0,0.0,0.0,0.0,0.0,0.0,0.0,165.0,185.0,226.0,76.0,140.0,172.0,168.0,165.0,162.0,162.0,165.0,168.0,169.0,170.0,184.0,159.0,84.0,220.0,181.0,184.0,0.0,0.0,0.0,0.0,0.0,0.0,0.0,0.0,182.0,185.0,231.0,36.0,156.0,170.0,168.0,165.0,162.0,163.0,165.0,170.0,172.0,172.0,185.0,172.0,47.0,211.0,179.0,197.0,0.0,0.0,0.0,0.0,0.0,0.0,0.0,0.0,192.0,191.0,227.0,1.0,168.0,170.0,168.0,165.0,163.0,163.0,163.0,168.0,173.0,176.0,175.0,185.0,21.0,234.0,178.0,169.0,0.0,0.0,0.0,0.0,0.0,0.0,0.0,0.0,168.0,194.0,255.0,1.0,184.0,173.0,169.0,168.0,166.0,165.0,165.0,168.0,173.0,179.0,168.0,197.0,24.0,224.0,182.0,173.0,1.0,0.0,0.0,0.0,0.0,0.0,0.0,8.0,173.0,192.0,240.0,2.0,186.0,170.0,170.0,169.0,166.0,165.0,165.0,170.0,176.0,176.0,168.0,202.0,27.0,211.0,184.0,181.0,5.0,0.0,0.0,0.0,0.0,0.0,0.0,18.0,178.0,195.0,218.0,10.0,198.0,172.0,175.0,179.0,182.0,178.0,178.0,181.0,182.0,178.0,169.0,208.0,20.0,182.0,186.0,185.0,18.0,0.0,0.0,0.0,0.0,0.0,0.0,30.0,179.0,199.0,194.0,14.0,220.0,176.0,185.0,185.0,181.0,185.0,188.0,185.0,185.0,179.0,175.0,231.0,27.0,156.0,192.0,189.0,40.0,0.0,0.0,0.0,0.0,0.0,0.0,52.0,185.0,207.0,165.0,15.0,228.0,185.0,188.0,188.0,182.0,184.0,185.0,185.0,188.0,189.0,182.0,237.0,24.0,128.0,198.0,189.0,60.0,0.0,0.0,0.0,0.0,0.0,0.0,72.0,189.0,214.0,137.0,27.0,231.0,184.0,189.0,192.0,194.0,194.0,194.0,197.0,195.0,189.0,184.0,247.0,39.0,98.0,202.0,194.0,81.0,0.0,0.0,0.0,0.0,0.0,0.0,94.0,189.0,218.0,105.0,46.0,237.0,192.0,198.0,202.0,208.0,208.0,208.0,205.0,199.0,197.0,191.0,241.0,63.0,65.0,205.0,194.0,99.0,0.0,0.0,0.0,0.0,0.0,0.0,115.0,194.0,218.0,65.0,65.0,212.0,195.0,199.0,201.0,202.0,205.0,207.0,205.0,205.0,198.0,192.0,221.0,86.0,30.0,205.0,195.0,124.0,0.0,0.0,0.0,0.0,0.0,0.0,124.0,197.0,220.0,33.0,79.0,226.0,215.0,218.0,221.0,221.0,223.0,224.0,226.0,223.0,223.0,217.0,236.0,108.0,5.0,202.0,194.0,131.0,0.0,0.0,0.0,0.0,0.0,0.0,160.0,210.0,221.0,21.0,0.0,31.0,49.0,63.0,70.0,79.0,88.0,86.0,79.0,75.0,62.0,46.0,34.0,0.0,8.0,207.0,212.0,166.0,0.0,0.0,0.0,0.0,0.0,0.0,128.0,194.0,205.0,10.0,0.0,0.0,0.0,0.0,0.0,0.0,0.0,0.0,0.0,0.0,0.0,0.0,0.0,0.0,2.0,189.0,199.0,136.0,0.0,0.0,0.0
0.0,0.0,0.0,0.0,0.0,0.0,0.0,0.0,0.0,60.0,145.0,174.0,190.0,189.0,185.0,184.0,197.0,215.0,136.0,41.0,0.0,0.0,0.0,0.0,0.0,0.0,0.0,0.0,0.0,0.0,0.0,0.0,3.0,0.0,0.0,120.0,227.0,254.0,209.0,151.0,146.0,140.0,150.0,163.0,167.0,195.0,223.0,254.0,234.0,134.0,0.0,0.0,0.0,0.0,0.0,0.0,0.0,0.0,0.0,0.0,0.0,0.0,204.0,206.0,189.0,189.0,182.0,160.0,145.0,143.0,132.0,169.0,202.0,181.0,201.0,200.0,202.0,207.0,216.0,18.0,0.0,0.0,0.0,0.0,0.0,0.0,0.0,0.0,0.0,134.0,201.0,174.0,185.0,183.0,202.0,186.0,145.0,140.0,135.0,168.0,183.0,182.0,209.0,190.0,194.0,183.0,193.0,201.0,0.0,0.0,0.0,0.0,0.0,0.0,0.0,0.0,4.0,185.0,192.0,193.0,186.0,173.0,189.0,207.0,179.0,168.0,170.0,174.0,193.0,176.0,192.0,193.0,175.0,194.0,185.0,206.0,69.0,0.0,0.0,0.0,0.0,0.0,0.0,0.0,139.0,194.0,182.0,191.0,176.0,183.0,185.0,173.0,183.0,179.0,203.0,197.0,180.0,198.0,196.0,180.0,186.0,195.0,202.0,200.0,193.0,0.0,0.0,0.0,0.0,0.0,0.0,7.0,181.0,184.0,191.0,189.0,185.0,178.0,193.0,192.0,187.0,192.0,193.0,208.0,216.0,211.0,184.0,168.0,181.0,204.0,192.0,185.0,191.0,42.0,0.0,0.0,0.0,0.0,0.0,154.0,202.0,174.0,178.0,191.0,175.0,175.0,182.0,154.0,157.0,149.0,157.0,119.0,136.0,158.0,169.0,180.0,180.0,195.0,195.0,190.0,195.0,160.0,0.0,0.0,0.0,0.0,0.0,21.0,154.0,193.0,192.0,203.0,181.0,165.0,165.0,56.0,79.0,125.0,71.0,107.0,81.0,45.0,200.0,182.0,174.0,205.0,209.0,190.0,115.0,0.0,0.0,0.0,0.0,0.0,0.0,0.0,0.0,42.0,162.0,237.0,180.0,180.0,190.0,79.0,113.0,145.0,118.0,139.0,158.0,130.0,207.0,170.0,165.0,167.0,124.0,0.0,0.0,0.0,0.0,0.0,0.0,0.0,0.0,0.0,0.0,0.0,0.0,0.0,152.0,190.0,158.0,75.0,105.0,98.0,120.0,84.0,118.0,125.0,211.0,180.0,204.0,0.0,0.0,0.0,2.0,1.0,0.0,0.0,0.0,0.0,0.0,0.0,0.0,0.0,0.0,0.0,134.0,190.0,119.0,154.0,119.0,164.0,153.0,116.0,181.0,145.0,181.0,185.0,194.0,0.0,0.0,1.0,0.0,0.0,0.0,0.0,0.0,0.0,0.0,0.0,0.0,0.0,1.0,0.0,106.0,186.0,183.0,169.0,69.0,147.0,143.0,65.0,137.0,207.0,176.0,182.0,186.0,0.0,0.0,1.0,0.0,0.0,0.0,0.0,0.0,0.0,0.0,0.0,0.0,0.0,0.0,0.0,109.0,187.0,179.0,163.0,112.0,116.0,64.0,167.0,93.0,192.0,173.0,182.0,176.0,0.0,0.0,1.0,0.0,0.0,0.0,0.0,0.0,0.0,0.0,0.0,0.0,0.0,0.0,0.0,114.0,185.0,184.0,148.0,38.0,142.0,141.0,83.0,135.0,192.0,175.0,180.0,170.0,0.0,0.0,1.0,0.0,0.0,0.0,0.0,0.0,0.0,0.0,0.0,0.0,0.0,0.0,0.0,122.0,184.0,176.0,173.0,141.0,151.0,124.0,96.0,195.0,178.0,180.0,176.0,154.0,0.0,0.0,0.0,0.0,0.0,0.0,0.0,0.0,0.0,0.0,0.0,0.0,0.0,0.0,0.0,139.0,186.0,167.0,187.0,186.0,97.0,76.0,119.0,189.0,169.0,175.0,179.0,163.0,0.0,0.0,0.0,0.0,0.0,0.0,0.0,0.0,0.0,0.0,0.0,0.0,0.0,0.0,0.0,138.0,187.0,172.0,198.0,152.0,117.0,117.0,140.0,186.0,182.0,185.0,181.0,159.0,0.0,0.0,0.0,0.0,0.0,0.0,0.0,0.0,0.0,0.0,0.0,0.0,0.0,0.0,0.0,134.0,186.0,176.0,183.0,148.0,113.0,116.0,81.0,147.0,203.0,178.0,179.0,168.0,0.0,0.0,1.0,0.0,0.0,0.0,0.0,0.0,0.0,0.0,0.0,1.0,0.0,0.0,0.0,145.0,191.0,182.0,169.0,186.0,180.0,179.0,197.0,205.0,162.0,172.0,181.0,180.0,0.0,0.0,1.0,0.0,0.0,0.0,0.0,0.0,0.0,0.0,0.0,0.0,0.0,0.0,0.0,157.0,197.0,185.0,181.0,176.0,185.0,179.0,173.0,184.0,175.0,171.0,189.0,190.0,0.0,0.0,1.0,0.0,0.0,0.0,0.0,0.0,0.0,0.0,0.0,0.0,1.0,0.0,0.0,165.0,193.0,187.0,213.0,195.0,187.0,185.0,181.0,176.0,184.0,186.0,184.0,198.0,0.0,0.0,2.0,1.0,0.0,0.0,0.0,0.0,0.0,0.0,0.0,0.0,1.0,0.0,0.0,203.0,189.0,182.0,197.0,178.0,190.0,190.0,196.0,180.0,169.0,192.0,181.0,183.0,4.0,0.0,3.0,0.0,0.0,0.0,0.0,0.0,0.0,0.0,0.0,0.0,2.0,0.0,0.0,186.0,193.0,189.0,193.0,185.0,202.0,184.0,181.0,193.0,176.0,182.0,180.0,181.0,8.0,0.0,3.0,0.0,0.0,0.0,0.0,0.0,0.0,0.0,1.0,0.0,4.0,0.0,9.0,191.0,178.0,186.0,193.0,179.0,187.0,192.0,185.0,195.0,197.0,170.0,182.0,176.0,9.0,0.0,4.0,0.0,0.0,0.0,0.0,0.0,0.0,0.0,0.0,0.0,3.0,0.0,13.0,194.0,185.0,200.0,186.0,183.0,195.0,173.0,191.0,174.0,186.0,176.0,182.0,196.0,24.0,0.0,4.0,0.0,0.0,0.0,0.0,0.0,0.0,0.0,0.0,0.0,0.0,0.0,0.0,118.0,200.0,207.0,208.0,191.0,197.0,184.0,196.0,192.0,208.0,203.0,191.0,141.0,0.0,0.0,1.0,0.0,0.0,0.0,0.0,0.0,0.0,0.0,0.0,0.0,0.0,0.0,0.0,0.0,4.0,74.0,116.0,151.0,169.0,180.0,186.0,176.0,148.0,90.0,6.0,0.0,0.0,0.0,0.0,0.0,0.0,0.0,0.0
0.0,0.0,0.0,0.0,0.0,0.0,0.0,0.0,0.0,1.0,2.0,0.0,0.0,83.0,118.0,113.0,68.0,0.0,0.0,2.0,0.0,0.0,0.0,0.0,0.0,0.0,0.0,0.0,0.0,0.0,0.0,0.0,0.0,0.0,0.0,0.0,0.0,3.0,0.0,48.0,165.0,140.0,99.0,117.0,153.0,145.0,0.0,0.0,1.0,0.0,0.0,0.0,0.0,0.0,0.0,0.0,0.0,0.0,0.0,0.0,0.0,0.0,0.0,0.0,3.0,0.0,13.0,155.0,59.0,0.0,0.0,0.0,0.0,118.0,126.0,0.0,3.0,2.0,0.0,0.0,0.0,0.0,0.0,0.0,0.0,0.0,0.0,0.0,1.0,0.0,0.0,0.0,2.0,0.0,111.0,68.0,0.0,7.0,5.0,9.0,0.0,0.0,154.0,10.0,0.0,3.0,1.0,0.0,1.0,0.0,0.0,0.0,0.0,0.0,1.0,0.0,0.0,0.0,0.0,1.0,0.0,0.0,138.0,0.0,0.0,0.0,0.0,0.0,2.0,0.0,105.0,94.0,0.0,4.0,1.0,0.0,0.0,0.0,0.0,0.0,0.0,1.0,0.0,0.0,0.0,1.0,3.0,4.0,0.0,59.0,167.0,0.0,2.0,2.0,5.0,2.0,5.0,0.0,100.0,141.0,0.0,4.0,3.0,2.0,0.0,0.0,0.0,0.0,0.0,0.0,0.0,1.0,4.0,0.0,0.0,0.0,0.0,112.0,156.0,0.0,0.0,0.0,0.0,0.0,0.0,0.0,90.0,213.0,0.0,0.0,0.0,0.0,2.0,1.0,0.0,0.0,0.0,0.0,0.0,0.0,0.0,0.0,26.0,52.0,26.0,163.0,153.0,54.0,72.0,70.0,80.0,86.0,85.0,54.0,151.0,188.0,44.0,54.0,26.0,0.0,0.0,0.0,1.0,0.0,0.0,0.0,0.0,0.0,94.0,159.0,171.0,215.0,172.0,221.0,200.0,198.0,212.0,180.0,182.0,183.0,221.0,214.0,186.0,218.0,200.0,203.0,176.0,167.0,133.0,0.0,0.0,0.0,0.0,3.0,0.0,138.0,219.0,182.0,166.0,160.0,172.0,190.0,193.0,130.0,142.0,149.0,136.0,129.0,131.0,141.0,187.0,198.0,187.0,183.0,189.0,191.0,212.0,142.0,0.0,0.0,0.0,0.0,0.0,196.0,169.0,177.0,200.0,183.0,206.0,184.0,198.0,201.0,171.0,177.0,207.0,212.0,201.0,191.0,225.0,191.0,199.0,200.0,196.0,195.0,188.0,195.0,3.0,0.0,0.0,0.0,15.0,209.0,165.0,152.0,196.0,193.0,199.0,188.0,189.0,193.0,191.0,184.0,79.0,142.0,204.0,188.0,216.0,198.0,178.0,209.0,202.0,201.0,181.0,204.0,35.0,0.0,0.0,0.0,91.0,223.0,184.0,151.0,190.0,192.0,202.0,189.0,190.0,194.0,192.0,201.0,199.0,204.0,194.0,190.0,215.0,193.0,191.0,209.0,205.0,200.0,176.0,192.0,158.0,0.0,0.0,0.0,219.0,223.0,184.0,157.0,179.0,200.0,206.0,184.0,186.0,192.0,196.0,195.0,207.0,202.0,201.0,189.0,219.0,193.0,184.0,202.0,207.0,195.0,183.0,192.0,108.0,0.0,0.0,0.0,207.0,227.0,199.0,161.0,177.0,200.0,194.0,201.0,198.0,192.0,196.0,199.0,203.0,198.0,198.0,192.0,215.0,212.0,192.0,202.0,205.0,192.0,174.0,205.0,51.0,0.0,0.0,32.0,254.0,219.0,217.0,179.0,191.0,205.0,193.0,214.0,207.0,199.0,196.0,203.0,204.0,206.0,206.0,201.0,199.0,215.0,206.0,202.0,204.0,199.0,182.0,213.0,37.0,0.0,0.0,152.0,79.0,207.0,214.0,184.0,192.0,204.0,204.0,205.0,207.0,209.0,206.0,204.0,205.0,206.0,209.0,209.0,207.0,205.0,206.0,207.0,201.0,187.0,167.0,200.0,21.0,0.0,0.0,151.0,215.0,217.0,200.0,179.0,196.0,200.0,207.0,210.0,210.0,210.0,209.0,206.0,207.0,209.0,209.0,207.0,207.0,207.0,207.0,210.0,204.0,191.0,166.0,211.0,29.0,0.0,0.0,0.0,248.0,244.0,204.0,176.0,201.0,205.0,206.0,207.0,210.0,210.0,210.0,210.0,210.0,211.0,210.0,211.0,210.0,209.0,209.0,210.0,206.0,209.0,171.0,216.0,30.0,0.0,0.0,0.0,85.0,254.0,225.0,195.0,193.0,199.0,204.0,206.0,210.0,210.0,207.0,211.0,212.0,212.0,211.0,211.0,211.0,210.0,210.0,209.0,206.0,207.0,176.0,221.0,26.0,0.0,0.0,0.0,1.0,194.0,218.0,219.0,195.0,204.0,212.0,213.0,211.0,212.0,214.0,213.0,210.0,210.0,213.0,213.0,212.0,211.0,212.0,211.0,209.0,200.0,183.0,219.0,15.0,0.0,0.0,0.0,0.0,225.0,206.0,211.0,215.0,225.0,219.0,218.0,214.0,211.0,211.0,211.0,209.0,207.0,210.0,211.0,211.0,210.0,211.0,210.0,209.0,205.0,191.0,228.0,17.0,0.0,0.0,0.0,13.0,216.0,199.0,205.0,207.0,214.0,215.0,214.0,223.0,224.0,217.0,213.0,212.0,209.0,210.0,210.0,211.0,211.0,211.0,209.0,204.0,203.0,195.0,199.0,25.0,0.0,0.0,0.0,36.0,232.0,230.0,234.0,234.0,226.0,228.0,226.0,222.0,226.0,225.0,211.0,207.0,205.0,205.0,205.0,204.0,205.0,205.0,206.0,205.0,202.0,196.0,199.0,16.0,0.0,0.0,0.0,0.0,190.0,207.0,212.0,217.0,221.0,221.0,221.0,217.0,207.0,206.0,234.0,230.0,224.0,223.0,222.0,218.0,217.0,215.0,214.0,215.0,209.0,213.0,165.0,0.0,0.0,0.0,0.0,0.0,172.0,227.0,204.0,203.0,202.0,201.0,201.0,204.0,206.0,188.0,153.0,159.0,151.0,147.0,157.0,166.0,168.0,172.0,177.0,171.0,163.0,121.0,6.0,0.0,0.0,0.0,2.0,0.0,17.0,128.0,187.0,207.0,232.0,234.0,236.0,191.0,250.0,80.0,0.0,0.0,0.0,0.0,0.0,0.0,0.0,0.0,0.0,0.0,0.0,0.0,0.0,0.0,0.0,0.0,0.0,0.0,0.0,0.0,0.0,0.0,0.0,0.0,0.0,0.0,0.0,0.0,0.0,0.0,0.0,0.0,0.0,0.0,0.0,0.0,0.0,0.0,0.0,6.0,2.0,0.0,0.0
0.0,0.0,0.0,0.0,0.0,0.0,0.0,0.0,0.0,0.0,0.0,70.0,219.0,217.0,212.0,203.0,0.0,0.0,3.0,0.0,0.0,0.0,0.0,0.0,0.0,0.0,0.0,0.0,0.0,0.0,0.0,0.0,0.0,0.0,2.0,2.0,0.0,0.0,0.0,255.0,254.0,251.0,251.0,255.0,154.0,0.0,0.0,0.0,2.0,0.0,0.0,0.0,0.0,0.0,0.0,0.0,0.0,0.0,0.0,0.0,0.0,0.0,0.0,0.0,0.0,59.0,233.0,248.0,235.0,239.0,248.0,233.0,253.0,126.0,16.0,0.0,0.0,0.0,1.0,0.0,0.0,0.0,0.0,0.0,0.0,0.0,0.0,0.0,0.0,0.0,0.0,95.0,206.0,237.0,212.0,228.0,227.0,237.0,252.0,229.0,218.0,227.0,226.0,153.0,35.0,0.0,0.0,1.0,0.0,0.0,0.0,0.0,0.0,0.0,0.0,0.0,0.0,75.0,236.0,214.0,208.0,206.0,213.0,206.0,226.0,248.0,216.0,201.0,189.0,182.0,188.0,200.0,202.0,152.0,0.0,0.0,0.0,0.0,0.0,0.0,0.0,0.0,0.0,0.0,0.0,205.0,209.0,191.0,200.0,203.0,203.0,200.0,185.0,193.0,188.0,185.0,197.0,194.0,186.0,182.0,184.0,216.0,73.0,0.0,1.0,0.0,0.0,0.0,0.0,0.0,0.0,0.0,105.0,226.0,209.0,214.0,199.0,201.0,205.0,202.0,194.0,216.0,195.0,191.0,189.0,189.0,189.0,193.0,194.0,208.0,190.0,0.0,0.0,0.0,0.0,0.0,0.0,0.0,0.0,0.0,170.0,236.0,210.0,199.0,215.0,202.0,202.0,200.0,191.0,211.0,202.0,189.0,191.0,189.0,192.0,196.0,196.0,205.0,188.0,0.0,0.0,0.0,0.0,0.0,0.0,0.0,0.0,0.0,204.0,230.0,236.0,203.0,207.0,206.0,203.0,197.0,185.0,207.0,208.0,191.0,191.0,190.0,190.0,188.0,201.0,204.0,203.0,10.0,0.0,0.0,0.0,0.0,0.0,0.0,0.0,0.0,235.0,225.0,234.0,212.0,214.0,219.0,219.0,210.0,196.0,208.0,202.0,201.0,192.0,190.0,191.0,187.0,198.0,203.0,207.0,41.0,0.0,0.0,0.0,0.0,0.0,0.0,0.0,0.0,248.0,221.0,240.0,215.0,212.0,210.0,219.0,209.0,204.0,202.0,192.0,207.0,193.0,190.0,191.0,187.0,205.0,197.0,203.0,65.0,0.0,0.0,0.0,0.0,0.0,0.0,0.0,10.0,251.0,216.0,252.0,218.0,205.0,217.0,212.0,214.0,206.0,202.0,204.0,202.0,198.0,186.0,191.0,190.0,199.0,196.0,205.0,93.0,0.0,0.0,0.0,0.0,0.0,0.0,0.0,34.0,253.0,211.0,242.0,238.0,191.0,225.0,210.0,216.0,209.0,199.0,203.0,195.0,200.0,188.0,193.0,187.0,198.0,195.0,206.0,121.0,0.0,0.0,0.0,0.0,0.0,0.0,0.0,54.0,253.0,214.0,229.0,247.0,186.0,211.0,214.0,214.0,216.0,204.0,198.0,197.0,198.0,195.0,184.0,196.0,217.0,182.0,208.0,147.0,0.0,0.0,0.0,0.0,0.0,0.0,0.0,74.0,253.0,220.0,234.0,255.0,205.0,192.0,219.0,218.0,211.0,214.0,196.0,198.0,197.0,191.0,201.0,210.0,240.0,177.0,203.0,167.0,0.0,0.0,0.0,0.0,0.0,0.0,0.0,71.0,253.0,218.0,245.0,150.0,234.0,205.0,201.0,217.0,208.0,220.0,215.0,196.0,199.0,190.0,225.0,193.0,240.0,200.0,200.0,201.0,0.0,0.0,0.0,0.0,0.0,0.0,0.0,67.0,253.0,212.0,231.0,39.0,253.0,210.0,214.0,212.0,207.0,204.0,210.0,193.0,200.0,190.0,228.0,152.0,157.0,238.0,195.0,231.0,0.0,0.0,0.0,0.0,0.0,0.0,0.0,60.0,251.0,215.0,207.0,60.0,255.0,202.0,214.0,229.0,207.0,198.0,208.0,198.0,199.0,191.0,227.0,143.0,101.0,254.0,194.0,234.0,0.0,0.0,0.0,0.0,0.0,0.0,0.0,63.0,243.0,218.0,202.0,83.0,255.0,201.0,202.0,216.0,210.0,205.0,204.0,200.0,202.0,196.0,219.0,164.0,69.0,255.0,195.0,242.0,16.0,0.0,0.0,0.0,0.0,0.0,0.0,75.0,236.0,223.0,198.0,86.0,254.0,198.0,213.0,213.0,211.0,205.0,196.0,200.0,200.0,201.0,219.0,185.0,0.0,255.0,199.0,244.0,31.0,0.0,0.0,0.0,0.0,0.0,0.0,83.0,235.0,229.0,166.0,44.0,255.0,203.0,225.0,209.0,208.0,227.0,214.0,204.0,206.0,203.0,224.0,205.0,0.0,254.0,211.0,213.0,52.0,0.0,0.0,0.0,0.0,0.0,0.0,87.0,215.0,236.0,143.0,0.0,255.0,201.0,225.0,216.0,202.0,225.0,221.0,207.0,207.0,202.0,228.0,196.0,0.0,218.0,218.0,213.0,71.0,0.0,0.0,0.0,0.0,0.0,0.0,103.0,220.0,237.0,133.0,0.0,243.0,229.0,233.0,241.0,217.0,221.0,216.0,206.0,213.0,218.0,230.0,153.0,0.0,190.0,226.0,209.0,79.0,0.0,0.0,0.0,0.0,0.0,0.0,124.0,225.0,236.0,120.0,0.0,252.0,253.0,241.0,227.0,219.0,228.0,220.0,210.0,226.0,243.0,253.0,183.0,0.0,153.0,243.0,212.0,97.0,0.0,0.0,0.0,0.0,0.0,0.0,128.0,223.0,231.0,104.0,0.0,183.0,218.0,219.0,213.0,252.0,234.0,238.0,235.0,197.0,200.0,225.0,122.0,0.0,105.0,237.0,217.0,120.0,0.0,0.0,0.0,0.0,0.0,0.0,104.0,237.0,232.0,70.0,0.0,0.0,0.0,0.0,0.0,0.0,0.0,0.0,0.0,0.0,0.0,0.0,0.0,0.0,52.0,236.0,227.0,120.0,0.0,0.0,0.0,0.0,0.0,0.0,100.0,252.0,243.0,12.0,0.0,0.0,0.0,0.0,0.0,0.0,0.0,0.0,0.0,0.0,0.0,0.0,1.0,0.0,11.0,242.0,249.0,85.0,0.0,0.0,0.0,0.0,0.0,0.0,60.0,224.0,210.0,2.0,0.0,2.0,1.0,2.0,2.0,1.0,2.0,2.0,2.0,1.0,1.0,2.0,1.0,0.0,0.0,201.0,239.0,76.0,0.0,0.0,0.0
0.0,0.0,0.0,0.0,0.0,0.0,0.0,0.0,0.0,0.0,0.0,0.0,0.0,0.0,0.0,0.0,0.0,0.0,0.0,0.0,0.0,0.0,0.0,0.0,0.0,0.0,0.0,0.0,0.0,0.0,0.0,0.0,0.0,0.0,0.0,0.0,0.0,0.0,0.0,0.0,0.0,0.0,0.0,0.0,0.0,0.0,0.0,0.0,0.0,0.0,0.0,0.0,0.0,0.0,0.0,0.0,0.0,0.0,0.0,0.0,0.0,0.0,0.0,0.0,0.0,0.0,0.0,0.0,0.0,0.0,0.0,0.0,0.0,0.0,0.0,0.0,0.0,0.0,0.0,0.0,0.0,0.0,0.0,0.0,0.0,0.0,0.0,0.0,0.0,0.0,0.0,0.0,0.0,0.0,0.0,0.0,0.0,0.0,0.0,0.0,0.0,0.0,0.0,0.0,0.0,0.0,0.0,0.0,0.0,0.0,0.0,0.0,0.0,0.0,0.0,0.0,0.0,0.0,0.0,0.0,0.0,0.0,0.0,0.0,0.0,0.0,0.0,0.0,0.0,0.0,0.0,0.0,0.0,0.0,0.0,0.0,0.0,0.0,0.0,0.0,0.0,0.0,0.0,0.0,0.0,0.0,0.0,0.0,0.0,0.0,0.0,0.0,0.0,0.0,0.0,0.0,0.0,0.0,0.0,0.0,0.0,0.0,0.0,0.0,0.0,0.0,0.0,0.0,0.0,0.0,0.0,0.0,0.0,0.0,0.0,0.0,0.0,0.0,0.0,0.0,0.0,0.0,0.0,0.0,0.0,0.0,0.0,0.0,0.0,0.0,0.0,0.0,0.0,0.0,0.0,0.0,0.0,0.0,0.0,0.0,0.0,0.0,0.0,0.0,0.0,0.0,0.0,0.0,0.0,0.0,0.0,0.0,0.0,0.0,0.0,0.0,0.0,0.0,0.0,0.0,0.0,0.0,0.0,0.0,0.0,0.0,0.0,0.0,0.0,0.0,0.0,0.0,0.0,0.0,0.0,0.0,2.0,0.0,0.0,0.0,0.0,12.0,106.0,0.0,0.0,0.0,0.0,0.0,0.0,0.0,0.0,0.0,0.0,0.0,0.0,0.0,0.0,0.0,0.0,0.0,0.0,0.0,2.0,0.0,0.0,0.0,0.0,101.0,162.0,157.0,218.0,9.0,0.0,0.0,1.0,0.0,0.0,0.0,0.0,0.0,0.0,0.0,0.0,0.0,0.0,0.0,0.0,2.0,0.0,0.0,0.0,0.0,49.0,130.0,250.0,207.0,204.0,214.0,206.0,183.0,21.0,0.0,0.0,0.0,0.0,144.0,177.0,4.0,0.0,0.0,1.0,3.0,5.0,2.0,0.0,0.0,0.0,0.0,59.0,190.0,209.0,200.0,110.0,193.0,211.0,242.0,243.0,227.0,229.0,121.0,51.0,0.0,64.0,177.0,217.0,70.0,2.0,5.0,0.0,0.0,0.0,0.0,0.0,2.0,68.0,200.0,202.0,166.0,158.0,161.0,166.0,184.0,178.0,205.0,238.0,251.0,237.0,218.0,200.0,179.0,173.0,170.0,197.0,63.0,0.0,0.0,0.0,4.0,24.0,41.0,107.0,213.0,202.0,116.0,163.0,149.0,168.0,200.0,208.0,212.0,197.0,184.0,192.0,228.0,249.0,252.0,228.0,188.0,182.0,178.0,203.0,70.0,0.0,155.0,149.0,132.0,140.0,143.0,126.0,72.0,105.0,145.0,155.0,182.0,198.0,200.0,203.0,207.0,216.0,210.0,182.0,179.0,217.0,216.0,201.0,185.0,197.0,198.0,208.0,55.0,2.0,95.0,153.0,177.0,175.0,162.0,145.0,154.0,177.0,172.0,182.0,181.0,181.0,190.0,197.0,202.0,202.0,204.0,202.0,186.0,175.0,189.0,195.0,207.0,210.0,205.0,209.0,44.0,16.0,5.0,0.0,34.0,92.0,144.0,161.0,185.0,195.0,211.0,217.0,219.0,214.0,214.0,217.0,219.0,217.0,218.0,220.0,254.0,247.0,223.0,231.0,229.0,226.0,219.0,221.0,67.0,1.0,32.0,51.0,33.0,11.0,8.0,3.0,11.0,35.0,51.0,60.0,71.0,77.0,65.0,61.0,55.0,52.0,49.0,52.0,54.0,54.0,63.0,74.0,74.0,75.0,74.0,80.0,15.0,0.0,0.0,0.0,14.0,38.0,52.0,60.0,52.0,40.0,31.0,26.0,21.0,18.0,18.0,22.0,27.0,32.0,33.0,36.0,36.0,31.0,28.0,21.0,17.0,14.0,7.0,21.0,10.0,1.0,1.0,0.0,0.0,0.0,0.0,1.0,13.0,24.0,29.0,31.0,33.0,33.0,34.0,34.0,31.0,28.0,29.0,30.0,31.0,33.0,33.0,35.0,36.0,37.0,40.0,42.0,1.0,0.0,0.0,0.0,0.0,0.0,0.0,0.0,0.0,0.0,0.0,0.0,0.0,0.0,0.0,0.0,0.0,0.0,0.0,0.0,0.0,0.0,0.0,0.0,0.0,0.0,0.0,0.0,0.0,0.0,0.0,0.0,0.0,0.0,0.0,0.0,0.0,0.0,0.0,0.0,0.0,0.0,0.0,0.0,0.0,0.0,0.0,0.0,0.0,0.0,0.0,0.0,0.0,0.0,0.0,0.0,0.0,0.0,0.0,0.0,0.0,0.0,0.0,0.0,0.0,0.0,0.0,0.0,0.0,0.0,0.0,0.0,0.0,0.0,0.0,0.0,0.0,0.0,0.0,0.0,0.0,0.0,0.0,0.0,0.0,0.0,0.0,0.0,0.0,0.0,0.0,0.0,0.0,0.0,0.0,0.0,0.0,0.0,0.0,0.0,0.0,0.0,0.0,0.0,0.0,0.0,0.0,0.0,0.0,0.0,0.0,0.0,0.0,0.0,0.0,0.0,0.0,0.0,0.0,0.0,0.0,0.0,0.0,0.0,0.0,0.0,0.0,0.0,0.0,0.0,0.0,0.0,0.0,0.0,0.0,0.0,0.0,0.0,0.0,0.0,0.0,0.0,0.0,0.0,0.0,0.0,0.0,0.0,0.0,0.0,0.0,0.0,0.0,0.0,0.0,0.0,0.0,0.0,0.0,0.0,0.0,0.0,0.0,0.0,0.0,0.0,0.0,0.0,0.0,0.0,0.0,0.0,0.0,0.0,0.0,0.0,0.0,0.0,0.0,0.0,0.0,0.0,0.0,0.0,0.0,0.0,0.0,0.0,0.0,0.0,0.0,0.0,0.0,0.0,0.0,0.0,0.0,0.0,0.0,0.0,0.0,0.0,0.0,0.0,0.0,0.0,0.0,0.0,0.0,0.0,0.0,0.0,0.0,0.0,0.0,0.0,0.0,0.0,0.0,0.0,0.0,0.0,0.0,0.0,0.0
0.0,0.0,0.0,0.0,0.0,0.0,0.0,0.0,80.0,163.0,82.0,3.0,0.0,0.0,0.0,0.0,0.0,30.0,95.0,118.0,15.0,0.0,0.0,0.0,0.0,0.0,0.0,0.0,0.0,0.0,0.0,0.0,0.0,87.0,221.0,231.0,238.0,227.0,208.0,205.0,181.0,162.0,176.0,117.0,119.0,150.0,235.0,206.0,229.0,203.0,69.0,0.0,0.0,0.0,0.0,0.0,0.0,0.0,0.0,0.0,54.0,212.0,214.0,193.0,184.0,179.0,168.0,189.0,172.0,194.0,200.0,151.0,192.0,216.0,197.0,203.0,196.0,196.0,223.0,136.0,0.0,0.0,0.0,0.0,0.0,0.0,0.0,0.0,212.0,194.0,201.0,195.0,203.0,198.0,189.0,183.0,190.0,201.0,197.0,210.0,185.0,207.0,168.0,211.0,194.0,192.0,211.0,223.0,47.0,0.0,3.0,0.0,0.0,0.0,0.0,9.0,207.0,204.0,212.0,197.0,182.0,211.0,185.0,185.0,211.0,172.0,197.0,197.0,175.0,205.0,181.0,192.0,193.0,195.0,203.0,221.0,161.0,0.0,0.0,0.0,0.0,0.0,0.0,41.0,224.0,204.0,219.0,201.0,163.0,195.0,191.0,181.0,198.0,155.0,179.0,184.0,185.0,200.0,206.0,197.0,179.0,224.0,212.0,217.0,245.0,0.0,0.0,0.0,0.0,0.0,0.0,116.0,218.0,207.0,229.0,215.0,200.0,185.0,173.0,194.0,208.0,174.0,187.0,196.0,192.0,182.0,196.0,193.0,198.0,234.0,207.0,201.0,215.0,70.0,0.0,0.0,0.0,0.0,0.0,219.0,208.0,229.0,209.0,208.0,202.0,186.0,178.0,205.0,188.0,210.0,189.0,193.0,202.0,170.0,188.0,179.0,199.0,224.0,218.0,208.0,219.0,173.0,0.0,0.0,0.0,0.0,0.0,241.0,204.0,242.0,219.0,219.0,198.0,192.0,166.0,216.0,195.0,177.0,216.0,187.0,180.0,200.0,198.0,200.0,207.0,208.0,233.0,210.0,206.0,232.0,0.0,0.0,0.0,0.0,44.0,253.0,195.0,247.0,218.0,245.0,186.0,196.0,206.0,198.0,194.0,186.0,207.0,209.0,194.0,215.0,212.0,226.0,215.0,225.0,242.0,217.0,201.0,254.0,24.0,0.0,0.0,0.0,88.0,229.0,211.0,250.0,212.0,242.0,202.0,211.0,208.0,226.0,210.0,188.0,220.0,193.0,207.0,206.0,198.0,222.0,190.0,252.0,222.0,214.0,185.0,255.0,92.0,0.0,0.0,0.0,208.0,220.0,207.0,243.0,239.0,213.0,211.0,227.0,189.0,218.0,210.0,186.0,198.0,184.0,234.0,195.0,193.0,222.0,201.0,244.0,230.0,219.0,224.0,222.0,109.0,0.0,0.0,0.0,75.0,221.0,236.0,252.0,216.0,162.0,230.0,212.0,180.0,187.0,209.0,210.0,188.0,202.0,199.0,210.0,206.0,205.0,199.0,220.0,229.0,232.0,223.0,231.0,188.0,0.0,0.0,0.0,0.0,0.0,109.0,255.0,182.0,111.0,236.0,198.0,205.0,209.0,195.0,200.0,226.0,200.0,221.0,177.0,208.0,187.0,203.0,229.0,229.0,232.0,242.0,238.0,44.0,0.0,0.0,0.0,0.0,0.0,0.0,0.0,66.0,179.0,243.0,187.0,194.0,217.0,198.0,191.0,224.0,184.0,224.0,202.0,215.0,207.0,201.0,213.0,255.0,255.0,100.0,0.0,0.0,0.0,0.0,0.0,0.0,0.0,0.0,0.0,0.0,214.0,220.0,175.0,190.0,205.0,218.0,210.0,195.0,198.0,218.0,215.0,205.0,218.0,206.0,243.0,121.0,0.0,0.0,0.0,0.0,0.0,0.0,0.0,0.0,0.0,0.0,0.0,0.0,235.0,213.0,190.0,193.0,187.0,184.0,222.0,200.0,199.0,185.0,227.0,186.0,221.0,198.0,254.0,55.0,0.0,3.0,0.0,0.0,0.0,0.0,0.0,0.0,0.0,1.0,0.0,0.0,236.0,214.0,213.0,206.0,189.0,224.0,194.0,215.0,212.0,181.0,214.0,173.0,217.0,194.0,227.0,120.0,0.0,2.0,0.0,0.0,0.0,0.0,0.0,0.0,0.0,1.0,0.0,0.0,245.0,205.0,218.0,190.0,198.0,225.0,182.0,219.0,222.0,186.0,221.0,205.0,200.0,194.0,225.0,149.0,0.0,2.0,0.0,0.0,0.0,0.0,0.0,0.0,0.0,1.0,0.0,11.0,207.0,192.0,201.0,205.0,193.0,214.0,166.0,185.0,199.0,203.0,205.0,209.0,215.0,180.0,229.0,143.0,0.0,0.0,0.0,0.0,0.0,0.0,0.0,0.0,0.0,2.0,0.0,29.0,213.0,201.0,190.0,181.0,207.0,223.0,180.0,194.0,206.0,201.0,193.0,221.0,194.0,198.0,237.0,156.0,0.0,0.0,0.0,0.0,0.0,0.0,0.0,0.0,0.0,2.0,0.0,39.0,213.0,209.0,216.0,179.0,224.0,220.0,220.0,195.0,231.0,220.0,182.0,189.0,202.0,193.0,231.0,176.0,0.0,0.0,0.0,0.0,0.0,0.0,0.0,0.0,0.0,4.0,0.0,54.0,219.0,198.0,211.0,191.0,225.0,210.0,211.0,230.0,198.0,217.0,197.0,196.0,197.0,202.0,221.0,196.0,0.0,0.0,0.0,0.0,0.0,0.0,0.0,0.0,0.0,4.0,0.0,105.0,235.0,190.0,212.0,183.0,204.0,216.0,169.0,229.0,216.0,179.0,209.0,216.0,212.0,214.0,219.0,221.0,0.0,0.0,0.0,0.0,0.0,0.0,0.0,0.0,0.0,1.0,0.0,130.0,224.0,193.0,191.0,216.0,206.0,200.0,201.0,223.0,206.0,200.0,224.0,217.0,216.0,204.0,222.0,185.0,0.0,0.0,2.0,0.0,0.0,0.0,0.0,0.0,0.0,0.0,0.0,184.0,218.0,202.0,209.0,195.0,233.0,207.0,177.0,227.0,176.0,215.0,184.0,196.0,224.0,198.0,222.0,177.0,0.0,0.0,0.0,0.0,0.0,0.0,0.0,0.0,0.0,0.0,0.0,176.0,215.0,215.0,253.0,224.0,228.0,253.0,218.0,200.0,205.0,254.0,229.0,189.0,175.0,169.0,193.0,225.0,0.0,0.0,0.0,0.0,0.0,0.0,0.0,0.0,0.0,0.0,0.0,0.0,25.0,150.0,138.0,77.0,48.0,72.0,112.0,125.0,101.0,52.0,0.0,0.0,0.0,0.0,0.0,4.0,0.0,0.0,0.0,0.0,0.0
0.0,0.0,0.0,0.0,0.0,0.0,0.0,0.0,0.0,0.0,0.0,0.0,0.0,0.0,0.0,0.0,0.0,0.0,0.0,0.0,0.0,0.0,0.0,0.0,0.0,0.0,0.0,0.0,0.0,0.0,0.0,0.0,0.0,0.0,0.0,0.0,0.0,0.0,0.0,0.0,0.0,0.0,0.0,0.0,0.0,0.0,0.0,0.0,0.0,0.0,0.0,0.0,0.0,0.0,0.0,0.0,0.0,0.0,0.0,0.0,0.0,0.0,0.0,0.0,0.0,0.0,0.0,0.0,0.0,0.0,0.0,0.0,0.0,0.0,0.0,0.0,0.0,0.0,0.0,0.0,0.0,0.0,0.0,0.0,0.0,0.0,0.0,0.0,0.0,0.0,0.0,0.0,0.0,0.0,0.0,0.0,0.0,0.0,0.0,0.0,0.0,0.0,0.0,0.0,0.0,0.0,0.0,0.0,0.0,0.0,0.0,0.0,0.0,0.0,0.0,0.0,0.0,0.0,0.0,0.0,0.0,0.0,0.0,0.0,0.0,0.0,0.0,0.0,0.0,0.0,0.0,0.0,0.0,0.0,0.0,0.0,0.0,0.0,0.0,0.0,0.0,0.0,0.0,0.0,0.0,0.0,0.0,0.0,0.0,0.0,0.0,0.0,0.0,0.0,0.0,0.0,0.0,0.0,0.0,0.0,0.0,0.0,0.0,0.0,0.0,0.0,0.0,0.0,0.0,0.0,0.0,0.0,0.0,0.0,0.0,0.0,0.0,0.0,0.0,0.0,0.0,0.0,0.0,0.0,0.0,0.0,0.0,0.0,0.0,0.0,0.0,0.0,0.0,0.0,0.0,0.0,0.0,0.0,0.0,0.0,0.0,0.0,0.0,0.0,0.0,0.0,0.0,0.0,0.0,0.0,0.0,0.0,0.0,0.0,0.0,0.0,0.0,0.0,0.0,0.0,0.0,0.0,0.0,0.0,0.0,0.0,0.0,0.0,0.0,0.0,0.0,0.0,0.0,0.0,0.0,0.0,0.0,0.0,0.0,0.0,0.0,0.0,0.0,0.0,0.0,0.0,0.0,0.0,0.0,0.0,0.0,0.0,0.0,0.0,0.0,0.0,0.0,0.0,0.0,0.0,0.0,0.0,0.0,1.0,0.0,0.0,0.0,0.0,61.0,58.0,141.0,0.0,0.0,0.0,0.0,0.0,0.0,3.0,5.0,0.0,0.0,0.0,0.0,0.0,0.0,0.0,0.0,0.0,0.0,0.0,0.0,0.0,0.0,0.0,89.0,170.0,240.0,151.0,207.0,109.0,0.0,0.0,0.0,0.0,2.0,0.0,0.0,0.0,0.0,0.0,0.0,0.0,0.0,1.0,1.0,0.0,0.0,0.0,0.0,11.0,124.0,205.0,185.0,171.0,153.0,152.0,168.0,237.0,29.0,0.0,0.0,0.0,0.0,0.0,32.0,0.0,1.0,2.0,5.0,0.0,3.0,0.0,0.0,0.0,0.0,94.0,172.0,194.0,161.0,147.0,160.0,176.0,204.0,206.0,146.0,175.0,255.0,99.0,13.0,1.0,50.0,130.0,226.0,26.0,0.0,0.0,0.0,0.0,0.0,0.0,24.0,96.0,161.0,163.0,162.0,165.0,181.0,195.0,213.0,177.0,189.0,208.0,208.0,163.0,165.0,237.0,225.0,216.0,188.0,189.0,193.0,85.0,0.0,53.0,82.0,92.0,106.0,133.0,146.0,155.0,151.0,156.0,152.0,149.0,191.0,201.0,194.0,199.0,189.0,199.0,207.0,220.0,189.0,173.0,179.0,179.0,186.0,194.0,215.0,150.0,0.0,83.0,135.0,159.0,166.0,159.0,146.0,144.0,155.0,146.0,150.0,142.0,162.0,184.0,187.0,195.0,189.0,193.0,200.0,198.0,205.0,204.0,206.0,206.0,204.0,198.0,200.0,168.0,10.0,0.0,0.0,8.0,92.0,131.0,153.0,175.0,175.0,170.0,176.0,182.0,187.0,207.0,213.0,216.0,218.0,218.0,225.0,225.0,222.0,224.0,224.0,223.0,223.0,221.0,224.0,190.0,0.0,23.0,31.0,12.0,0.0,0.0,0.0,24.0,49.0,81.0,89.0,99.0,109.0,123.0,134.0,129.0,128.0,123.0,100.0,94.0,94.0,97.0,105.0,106.0,108.0,106.0,111.0,100.0,0.0,0.0,4.0,23.0,44.0,54.0,31.0,12.0,0.0,0.0,0.0,0.0,0.0,0.0,0.0,0.0,0.0,0.0,0.0,0.0,0.0,0.0,0.0,0.0,0.0,0.0,0.0,0.0,0.0,0.0,0.0,0.0,0.0,8.0,12.0,23.0,24.0,35.0,37.0,32.0,30.0,26.0,23.0,24.0,23.0,21.0,18.0,16.0,16.0,18.0,23.0,25.0,25.0,28.0,27.0,2.0,0.0,0.0,0.0,0.0,0.0,0.0,0.0,0.0,0.0,0.0,0.0,0.0,0.0,0.0,0.0,0.0,0.0,0.0,0.0,0.0,0.0,0.0,0.0,0.0,0.0,0.0,0.0,0.0,0.0,0.0,0.0,0.0,0.0,0.0,0.0,0.0,0.0,0.0,0.0,0.0,0.0,0.0,0.0,0.0,0.0,0.0,0.0,0.0,0.0,0.0,0.0,0.0,0.0,0.0,0.0,0.0,0.0,0.0,0.0,0.0,0.0,0.0,0.0,0.0,0.0,0.0,0.0,0.0,0.0,0.0,0.0,0.0,0.0,0.0,0.0,0.0,0.0,0.0,0.0,0.0,0.0,0.0,0.0,0.0,0.0,0.0,0.0,0.0,0.0,0.0,0.0,0.0,0.0,0.0,0.0,0.0,0.0,0.0,0.0,0.0,0.0,0.0,0.0,0.0,0.0,0.0,0.0,0.0,0.0,0.0,0.0,0.0,0.0,0.0,0.0,0.0,0.0,0.0,0.0,0.0,0.0,0.0,0.0,0.0,0.0,0.0,0.0,0.0,0.0,0.0,0.0,0.0,0.0,0.0,0.0,0.0,0.0,0.0,0.0,0.0,0.0,0.0,0.0,0.0,0.0,0.0,0.0,0.0,0.0,0.0,0.0,0.0,0.0,0.0,0.0,0.0,0.0,0.0,0.0,0.0,0.0,0.0,0.0,0.0,0.0,0.0,0.0,0.0,0.0,0.0,0.0,0.0,0.0,0.0,0.0,0.0,0.0,0.0,0.0,0.0,0.0,0.0,0.0,0.0,0.0,0.0,0.0,0.0,0.0,0.0,0.0,0.0,0.0,0.0,0.0,0.0,0.0,0.0,0.0,0.0,0.0,0.0,0.0,0.0,0.0,0.0,0.0,0.0,0.0,0.0,0.0,0.0,0.0,0.0,0.0,0.0,0.0,0.0,0.0,0.0,0.0,0.0,0.0,0.0
0.0,0.0,0.0,0.0,0.0,0.0,0.0,1.0,2.0,0.0,0.0,0.0,138.0,176.0,172.0,148.0,54.0,0.0,0.0,2.0,2.0,0.0,0.0,0.0,0.0,0.0,0.0,0.0,0.0,0.0,0.0,0.0,1.0,0.0,2.0,0.0,0.0,0.0,0.0,115.0,226.0,239.0,236.0,254.0,241.0,19.0,0.0,0.0,0.0,3.0,0.0,0.0,0.0,0.0,0.0,0.0,0.0,0.0,0.0,0.0,0.0,0.0,0.0,0.0,59.0,137.0,203.0,208.0,180.0,188.0,205.0,211.0,185.0,218.0,169.0,81.0,0.0,0.0,0.0,0.0,0.0,0.0,0.0,0.0,0.0,0.0,0.0,0.0,3.0,0.0,12.0,148.0,181.0,179.0,165.0,161.0,168.0,176.0,202.0,176.0,172.0,167.0,175.0,185.0,162.0,23.0,0.0,3.0,0.0,0.0,0.0,0.0,0.0,0.0,0.0,0.0,1.0,0.0,134.0,193.0,164.0,165.0,167.0,165.0,178.0,188.0,180.0,186.0,170.0,170.0,162.0,168.0,191.0,152.0,0.0,0.0,0.0,0.0,0.0,0.0,0.0,0.0,0.0,0.0,0.0,0.0,154.0,193.0,173.0,164.0,166.0,163.0,160.0,161.0,171.0,159.0,171.0,170.0,174.0,175.0,184.0,182.0,13.0,0.0,2.0,0.0,0.0,0.0,0.0,0.0,0.0,0.0,0.0,0.0,180.0,193.0,193.0,164.0,166.0,162.0,168.0,170.0,166.0,165.0,171.0,170.0,174.0,175.0,180.0,200.0,57.0,0.0,2.0,0.0,0.0,0.0,0.0,0.0,0.0,0.0,0.0,22.0,196.0,191.0,219.0,167.0,171.0,163.0,165.0,170.0,177.0,170.0,163.0,170.0,168.0,172.0,179.0,199.0,113.0,0.0,0.0,0.0,0.0,0.0,0.0,0.0,0.0,0.0,0.0,69.0,206.0,186.0,229.0,175.0,169.0,172.0,171.0,176.0,181.0,178.0,174.0,177.0,176.0,180.0,183.0,194.0,169.0,0.0,0.0,0.0,0.0,0.0,0.0,0.0,0.0,0.0,0.0,116.0,210.0,184.0,235.0,211.0,163.0,180.0,180.0,183.0,178.0,182.0,184.0,180.0,201.0,163.0,202.0,190.0,206.0,0.0,0.0,0.0,0.0,0.0,0.0,0.0,0.0,0.0,0.0,142.0,210.0,196.0,251.0,214.0,166.0,183.0,180.0,188.0,183.0,185.0,189.0,181.0,197.0,212.0,229.0,193.0,195.0,15.0,0.0,0.0,0.0,0.0,0.0,0.0,0.0,0.0,0.0,179.0,211.0,197.0,254.0,207.0,161.0,185.0,180.0,190.0,188.0,192.0,190.0,181.0,186.0,243.0,242.0,196.0,202.0,60.0,0.0,0.0,0.0,0.0,0.0,0.0,0.0,0.0,0.0,206.0,210.0,198.0,255.0,195.0,163.0,186.0,185.0,183.0,181.0,196.0,183.0,189.0,172.0,221.0,249.0,200.0,205.0,120.0,0.0,0.0,0.0,0.0,0.0,0.0,0.0,0.0,0.0,220.0,216.0,175.0,243.0,183.0,170.0,186.0,186.0,187.0,185.0,194.0,187.0,193.0,174.0,213.0,255.0,205.0,204.0,169.0,0.0,0.0,0.0,0.0,0.0,0.0,0.0,0.0,9.0,240.0,216.0,171.0,207.0,178.0,180.0,185.0,188.0,190.0,194.0,192.0,186.0,186.0,181.0,197.0,255.0,213.0,198.0,216.0,0.0,0.0,0.0,0.0,0.0,0.0,0.0,0.0,46.0,214.0,213.0,191.0,186.0,174.0,185.0,187.0,186.0,190.0,187.0,187.0,193.0,193.0,189.0,188.0,195.0,231.0,194.0,240.0,0.0,0.0,0.0,0.0,0.0,0.0,0.0,0.0,72.0,221.0,211.0,188.0,149.0,191.0,181.0,195.0,188.0,191.0,191.0,196.0,196.0,200.0,193.0,203.0,126.0,220.0,201.0,244.0,17.0,0.0,0.0,0.0,0.0,0.0,0.0,0.0,86.0,223.0,217.0,179.0,95.0,210.0,180.0,196.0,191.0,188.0,192.0,199.0,200.0,195.0,193.0,217.0,85.0,177.0,211.0,211.0,52.0,0.0,0.0,0.0,0.0,0.0,0.0,0.0,109.0,218.0,222.0,155.0,65.0,224.0,187.0,192.0,190.0,196.0,203.0,192.0,195.0,199.0,193.0,223.0,75.0,174.0,213.0,212.0,74.0,0.0,0.0,0.0,0.0,0.0,0.0,0.0,119.0,213.0,230.0,109.0,45.0,227.0,182.0,195.0,190.0,202.0,199.0,202.0,196.0,200.0,191.0,220.0,89.0,197.0,214.0,239.0,80.0,0.0,0.0,0.0,0.0,0.0,0.0,0.0,109.0,212.0,244.0,98.0,39.0,227.0,186.0,195.0,194.0,204.0,193.0,208.0,197.0,194.0,200.0,219.0,112.0,218.0,214.0,245.0,72.0,0.0,0.0,0.0,0.0,0.0,0.0,0.0,79.0,215.0,250.0,45.0,58.0,225.0,188.0,193.0,196.0,209.0,192.0,206.0,201.0,186.0,199.0,207.0,131.0,229.0,222.0,218.0,61.0,0.0,0.0,0.0,0.0,0.0,0.0,0.0,78.0,211.0,242.0,47.0,127.0,210.0,188.0,193.0,210.0,207.0,200.0,197.0,207.0,199.0,197.0,196.0,165.0,215.0,215.0,216.0,114.0,0.0,0.0,0.0,0.0,0.0,0.0,0.0,173.0,215.0,250.0,114.0,168.0,194.0,195.0,198.0,216.0,199.0,204.0,208.0,190.0,210.0,196.0,198.0,173.0,227.0,232.0,236.0,188.0,0.0,0.0,0.0,0.0,0.0,0.0,0.0,160.0,204.0,207.0,103.0,192.0,181.0,192.0,197.0,211.0,197.0,201.0,211.0,192.0,202.0,196.0,188.0,181.0,150.0,156.0,107.0,7.0,0.0,0.0,0.0,0.0,0.0,0.0,0.0,0.0,0.0,0.0,0.0,235.0,203.0,200.0,210.0,219.0,209.0,216.0,222.0,201.0,201.0,201.0,207.0,203.0,0.0,0.0,0.0,0.0,0.0,0.0,0.0,0.0,0.0,0.0,0.0,0.0,0.0,0.0,0.0,14.0,139.0,185.0,195.0,193.0,181.0,152.0,204.0,214.0,175.0,215.0,151.0,0.0,0.0,3.0,4.0,1.0,0.0,0.0,0.0,0.0,0.0,0.0,0.0,1.0,2.0,0.0,0.0,0.0,0.0,0.0,0.0,0.0,0.0,0.0,0.0,0.0,0.0,0.0,0.0,0.0,0.0,0.0,0.0,0.0,0.0,0.0,0.0
0.0,0.0,0.0,0.0,0.0,0.0,0.0,0.0,0.0,0.0,0.0,0.0,0.0,0.0,0.0,0.0,0.0,0.0,0.0,0.0,0.0,0.0,0.0,0.0,0.0,0.0,0.0,0.0,0.0,0.0,0.0,0.0,0.0,0.0,0.0,0.0,0.0,0.0,0.0,0.0,0.0,0.0,0.0,0.0,61.0,107.0,111.0,221.0,227.0,193.0,132.0,73.0,57.0,63.0,4.0,0.0,0.0,0.0,0.0,0.0,0.0,0.0,0.0,0.0,0.0,0.0,0.0,0.0,0.0,0.0,0.0,145.0,197.0,217.0,241.0,224.0,223.0,222.0,207.0,205.0,214.0,234.0,103.0,0.0,0.0,0.0,0.0,0.0,0.0,0.0,0.0,0.0,0.0,0.0,0.0,0.0,0.0,0.0,0.0,179.0,229.0,211.0,205.0,180.0,212.0,223.0,197.0,208.0,216.0,211.0,10.0,0.0,0.0,0.0,0.0,0.0,0.0,0.0,0.0,0.0,0.0,0.0,0.0,0.0,0.0,0.0,0.0,182.0,244.0,222.0,227.0,223.0,222.0,233.0,217.0,211.0,225.0,207.0,0.0,0.0,0.0,0.0,0.0,0.0,0.0,0.0,0.0,0.0,0.0,0.0,0.0,1.0,0.0,0.0,0.0,153.0,245.0,226.0,224.0,221.0,193.0,197.0,197.0,195.0,218.0,114.0,0.0,0.0,0.0,0.0,0.0,0.0,0.0,0.0,0.0,0.0,0.0,0.0,0.0,0.0,0.0,1.0,0.0,134.0,247.0,228.0,225.0,224.0,210.0,204.0,201.0,209.0,240.0,25.0,0.0,0.0,0.0,0.0,0.0,0.0,0.0,0.0,0.0,0.0,0.0,0.0,0.0,0.0,0.0,1.0,0.0,118.0,243.0,226.0,231.0,221.0,208.0,200.0,170.0,208.0,203.0,0.0,0.0,0.0,0.0,0.0,0.0,0.0,0.0,0.0,0.0,0.0,0.0,0.0,0.0,0.0,0.0,1.0,0.0,109.0,236.0,222.0,229.0,220.0,217.0,216.0,216.0,222.0,191.0,0.0,0.0,0.0,0.0,0.0,0.0,0.0,0.0,0.0,0.0,0.0,0.0,0.0,0.0,0.0,0.0,0.0,0.0,131.0,233.0,216.0,226.0,216.0,219.0,205.0,202.0,213.0,151.0,0.0,0.0,0.0,0.0,0.0,0.0,0.0,0.0,0.0,0.0,0.0,0.0,0.0,0.0,0.0,1.0,0.0,0.0,179.0,239.0,222.0,221.0,218.0,218.0,210.0,212.0,214.0,140.0,0.0,0.0,0.0,0.0,0.0,0.0,0.0,0.0,0.0,0.0,0.0,0.0,0.0,0.0,0.0,1.0,0.0,5.0,222.0,208.0,221.0,205.0,212.0,210.0,200.0,205.0,214.0,170.0,0.0,0.0,0.0,0.0,0.0,0.0,0.0,0.0,0.0,0.0,0.0,0.0,0.0,0.0,0.0,1.0,0.0,67.0,222.0,211.0,208.0,220.0,210.0,212.0,199.0,212.0,213.0,241.0,57.0,0.0,0.0,0.0,0.0,0.0,0.0,0.0,0.0,0.0,0.0,0.0,0.0,0.0,0.0,0.0,0.0,149.0,220.0,188.0,215.0,217.0,209.0,212.0,201.0,213.0,211.0,233.0,97.0,0.0,0.0,0.0,0.0,0.0,0.0,0.0,0.0,0.0,0.0,0.0,0.0,0.0,1.0,0.0,12.0,250.0,205.0,184.0,230.0,206.0,213.0,211.0,212.0,210.0,217.0,218.0,119.0,0.0,0.0,0.0,0.0,0.0,0.0,0.0,0.0,0.0,0.0,0.0,0.0,0.0,0.0,0.0,139.0,224.0,196.0,213.0,212.0,206.0,213.0,203.0,217.0,221.0,209.0,205.0,208.0,0.0,0.0,0.0,0.0,0.0,0.0,0.0,1.0,1.0,0.0,0.0,0.0,2.0,0.0,0.0,222.0,201.0,194.0,216.0,200.0,209.0,213.0,220.0,218.0,200.0,221.0,209.0,251.0,6.0,0.0,0.0,0.0,0.0,0.0,0.0,0.0,0.0,0.0,1.0,0.0,0.0,0.0,154.0,215.0,196.0,208.0,219.0,201.0,207.0,216.0,185.0,192.0,224.0,223.0,210.0,255.0,25.0,0.0,0.0,0.0,0.0,0.0,0.0,0.0,2.0,2.0,0.0,0.0,2.0,142.0,217.0,201.0,196.0,174.0,203.0,204.0,190.0,188.0,185.0,212.0,228.0,208.0,207.0,253.0,62.0,0.0,0.0,0.0,0.0,0.0,3.0,0.0,0.0,0.0,0.0,68.0,188.0,214.0,187.0,194.0,198.0,193.0,178.0,182.0,189.0,207.0,206.0,204.0,215.0,201.0,216.0,255.0,136.0,0.0,0.0,0.0,0.0,0.0,0.0,0.0,2.0,60.0,147.0,216.0,202.0,174.0,187.0,201.0,198.0,196.0,200.0,198.0,194.0,202.0,197.0,201.0,225.0,233.0,232.0,220.0,50.0,0.0,0.0,0.0,0.0,0.0,60.0,119.0,136.0,168.0,185.0,184.0,182.0,188.0,194.0,196.0,202.0,200.0,191.0,191.0,194.0,199.0,190.0,219.0,227.0,184.0,110.0,149.0,123.0,0.0,0.0,0.0,0.0,98.0,199.0,172.0,172.0,175.0,190.0,195.0,194.0,199.0,199.0,194.0,193.0,198.0,197.0,193.0,209.0,212.0,232.0,224.0,136.0,136.0,179.0,255.0,127.0,0.0,0.0,0.0,0.0,187.0,221.0,178.0,183.0,195.0,195.0,197.0,201.0,203.0,201.0,198.0,197.0,193.0,193.0,199.0,197.0,255.0,156.0,99.0,226.0,215.0,203.0,86.0,0.0,0.0,0.0,0.0,120.0,188.0,223.0,226.0,228.0,216.0,203.0,187.0,182.0,183.0,189.0,197.0,198.0,199.0,191.0,188.0,242.0,132.0,0.0,0.0,64.0,84.0,0.0,0.0,0.0,0.0,0.0,0.0,144.0,213.0,180.0,195.0,210.0,221.0,230.0,228.0,225.0,212.0,205.0,202.0,193.0,187.0,187.0,237.0,120.0,0.0,0.0,0.0,0.0,0.0,0.0,1.0,0.0,0.0,0.0,0.0,0.0,121.0,243.0,229.0,207.0,184.0,172.0,173.0,173.0,176.0,174.0,180.0,194.0,204.0,178.0,66.0,0.0,0.0,0.0,0.0,4.0,7.0,0.0,0.0,0.0,0.0,0.0,0.0,0.0,0.0,0.0,81.0,131.0,162.0,179.0,181.0,180.0,173.0,149.0,132.0,96.0,43.0,0.0,0.0,0.0,0.0,0.0,1.0,0.0,1.0,0.0,1.0,0.0,0.0
0.0,0.0,0.0,0.0,0.0,2.0,0.0,0.0,0.0,0.0,57.0,154.0,85.0,21.0,0.0,3.0,54.0,123.0,38.0,0.0,0.0,0.0,2.0,1.0,0.0,0.0,0.0,0.0,0.0,0.0,0.0,0.0,0.0,0.0,0.0,9.0,113.0,211.0,249.0,236.0,248.0,251.0,248.0,242.0,245.0,236.0,240.0,188.0,82.0,0.0,0.0,0.0,0.0,0.0,0.0,0.0,0.0,0.0,0.0,0.0,0.0,14.0,165.0,240.0,238.0,216.0,184.0,218.0,220.0,205.0,189.0,177.0,205.0,211.0,188.0,213.0,239.0,228.0,133.0,0.0,0.0,0.0,0.0,0.0,0.0,0.0,0.0,0.0,8.0,246.0,220.0,206.0,194.0,189.0,174.0,214.0,236.0,224.0,231.0,227.0,229.0,204.0,165.0,187.0,200.0,205.0,222.0,221.0,0.0,0.0,0.0,0.0,0.0,0.0,0.0,0.0,173.0,223.0,202.0,206.0,207.0,187.0,176.0,188.0,214.0,208.0,214.0,208.0,218.0,198.0,194.0,192.0,209.0,204.0,198.0,221.0,124.0,0.0,0.0,0.0,0.0,0.0,0.0,48.0,214.0,203.0,215.0,203.0,206.0,193.0,188.0,187.0,124.0,20.0,6.0,40.0,162.0,158.0,119.0,170.0,210.0,202.0,211.0,208.0,231.0,0.0,0.0,0.0,0.0,0.0,0.0,122.0,226.0,210.0,212.0,214.0,199.0,133.0,144.0,168.0,216.0,167.0,89.0,174.0,229.0,132.0,101.0,155.0,194.0,206.0,217.0,198.0,218.0,149.0,0.0,0.0,0.0,0.0,0.0,0.0,84.0,217.0,231.0,238.0,201.0,165.0,194.0,174.0,188.0,214.0,219.0,214.0,195.0,190.0,207.0,181.0,196.0,232.0,217.0,224.0,220.0,27.0,0.0,0.0,0.0,0.0,0.0,0.0,0.0,20.0,185.0,162.0,229.0,187.0,179.0,159.0,200.0,211.0,176.0,196.0,196.0,163.0,174.0,176.0,217.0,138.0,255.0,139.0,0.0,0.0,0.0,0.0,0.0,0.0,0.0,0.0,0.0,0.0,0.0,0.0,248.0,165.0,128.0,112.0,131.0,100.0,113.0,138.0,77.0,101.0,54.0,199.0,235.0,0.0,0.0,0.0,0.0,0.0,0.0,0.0,0.0,0.0,0.0,0.0,0.0,6.0,0.0,0.0,250.0,175.0,126.0,116.0,165.0,139.0,143.0,169.0,168.0,109.0,119.0,210.0,235.0,0.0,0.0,3.0,1.0,0.0,0.0,0.0,0.0,0.0,0.0,0.0,0.0,1.0,0.0,0.0,228.0,204.0,177.0,152.0,130.0,124.0,92.0,118.0,129.0,105.0,108.0,182.0,221.0,0.0,0.0,0.0,0.0,0.0,0.0,0.0,0.0,0.0,0.0,1.0,0.0,1.0,0.0,0.0,213.0,194.0,181.0,180.0,189.0,184.0,194.0,198.0,192.0,170.0,162.0,193.0,214.0,0.0,0.0,1.0,0.0,0.0,0.0,0.0,0.0,0.0,0.0,1.0,1.0,2.0,0.0,0.0,218.0,192.0,170.0,181.0,209.0,202.0,206.0,199.0,205.0,174.0,172.0,195.0,200.0,0.0,0.0,0.0,0.0,0.0,0.0,0.0,0.0,0.0,0.0,0.0,2.0,2.0,0.0,0.0,227.0,185.0,173.0,178.0,196.0,193.0,196.0,193.0,197.0,169.0,165.0,192.0,188.0,0.0,0.0,1.0,0.0,0.0,0.0,0.0,0.0,0.0,0.0,0.0,1.0,2.0,0.0,7.0,235.0,180.0,178.0,178.0,199.0,198.0,198.0,195.0,198.0,167.0,167.0,187.0,208.0,0.0,0.0,1.0,0.0,0.0,0.0,0.0,0.0,0.0,0.0,0.0,0.0,2.0,0.0,35.0,208.0,176.0,182.0,173.0,200.0,200.0,196.0,196.0,197.0,166.0,169.0,188.0,217.0,0.0,0.0,1.0,0.0,0.0,0.0,0.0,0.0,0.0,0.0,0.0,0.0,3.0,0.0,65.0,208.0,166.0,183.0,170.0,200.0,201.0,196.0,196.0,195.0,164.0,176.0,184.0,239.0,0.0,0.0,1.0,0.0,0.0,0.0,0.0,0.0,0.0,0.0,0.0,0.0,4.0,0.0,90.0,209.0,164.0,181.0,171.0,195.0,200.0,197.0,195.0,189.0,162.0,180.0,182.0,244.0,4.0,0.0,1.0,0.0,0.0,0.0,0.0,0.0,0.0,0.0,0.0,0.0,4.0,0.0,104.0,212.0,163.0,182.0,172.0,192.0,202.0,196.0,196.0,185.0,163.0,183.0,182.0,208.0,27.0,0.0,2.0,0.0,0.0,0.0,0.0,0.0,0.0,0.0,0.0,0.0,1.0,0.0,139.0,213.0,164.0,182.0,173.0,188.0,205.0,197.0,198.0,186.0,165.0,184.0,180.0,216.0,71.0,0.0,4.0,0.0,0.0,0.0,0.0,0.0,0.0,0.0,1.0,0.0,0.0,0.0,161.0,214.0,166.0,181.0,175.0,187.0,205.0,201.0,197.0,185.0,165.0,184.0,179.0,218.0,90.0,0.0,4.0,0.0,0.0,0.0,0.0,0.0,0.0,0.0,1.0,0.0,0.0,0.0,183.0,213.0,165.0,180.0,175.0,187.0,205.0,200.0,196.0,184.0,163.0,185.0,174.0,220.0,107.0,0.0,5.0,0.0,0.0,0.0,0.0,0.0,0.0,0.0,0.0,1.0,0.0,0.0,208.0,210.0,166.0,180.0,171.0,188.0,205.0,197.0,197.0,184.0,164.0,190.0,171.0,220.0,143.0,0.0,2.0,1.0,0.0,0.0,0.0,0.0,0.0,0.0,0.0,0.0,0.0,0.0,219.0,206.0,172.0,182.0,169.0,188.0,206.0,196.0,199.0,184.0,169.0,193.0,183.0,192.0,150.0,0.0,0.0,1.0,0.0,0.0,0.0,0.0,0.0,0.0,0.0,1.0,0.0,0.0,232.0,215.0,173.0,175.0,172.0,185.0,204.0,197.0,199.0,179.0,167.0,182.0,181.0,214.0,183.0,0.0,2.0,1.0,0.0,0.0,0.0,0.0,0.0,0.0,0.0,0.0,0.0,0.0,74.0,241.0,210.0,204.0,183.0,183.0,206.0,204.0,206.0,186.0,188.0,207.0,216.0,252.0,79.0,0.0,2.0,0.0,0.0,0.0,0.0,0.0,0.0,0.0,0.0,0.0,0.0,0.0,0.0,0.0,93.0,139.0,156.0,188.0,208.0,206.0,202.0,184.0,157.0,126.0,79.0,1.0,0.0,0.0,0.0,0.0,0.0,0.0,0.0
0.0,0.0,0.0,0.0,0.0,0.0,1.0,0.0,0.0,0.0,0.0,73.0,199.0,132.0,106.0,89.0,154.0,50.0,0.0,0.0,0.0,1.0,0.0,0.0,0.0,0.0,0.0,0.0,0.0,0.0,0.0,0.0,0.0,0.0,0.0,0.0,0.0,68.0,154.0,251.0,233.0,254.0,184.0,245.0,235.0,244.0,169.0,54.0,0.0,0.0,0.0,0.0,0.0,0.0,0.0,0.0,0.0,0.0,0.0,0.0,2.0,0.0,0.0,127.0,203.0,217.0,207.0,201.0,214.0,207.0,149.0,214.0,207.0,192.0,208.0,210.0,192.0,106.0,0.0,0.0,1.0,0.0,0.0,0.0,0.0,0.0,0.0,0.0,2.0,0.0,97.0,232.0,214.0,187.0,168.0,178.0,194.0,231.0,252.0,239.0,187.0,155.0,180.0,193.0,200.0,239.0,66.0,0.0,1.0,0.0,0.0,0.0,0.0,0.0,0.0,0.0,0.0,0.0,173.0,211.0,192.0,225.0,187.0,167.0,183.0,232.0,213.0,224.0,187.0,197.0,187.0,207.0,204.0,204.0,175.0,0.0,0.0,0.0,0.0,0.0,0.0,0.0,0.0,0.0,0.0,0.0,193.0,215.0,197.0,206.0,182.0,177.0,179.0,204.0,217.0,214.0,181.0,197.0,182.0,191.0,224.0,207.0,201.0,0.0,0.0,0.0,0.0,0.0,0.0,0.0,0.0,0.0,0.0,15.0,209.0,208.0,211.0,200.0,174.0,178.0,175.0,210.0,216.0,181.0,158.0,176.0,175.0,205.0,216.0,205.0,214.0,18.0,0.0,0.0,0.0,0.0,0.0,0.0,0.0,0.0,0.0,39.0,221.0,210.0,214.0,215.0,196.0,188.0,174.0,186.0,207.0,169.0,171.0,188.0,205.0,201.0,210.0,204.0,224.0,47.0,0.0,0.0,0.0,0.0,0.0,0.0,0.0,0.0,0.0,90.0,222.0,216.0,225.0,205.0,196.0,201.0,174.0,214.0,225.0,190.0,177.0,187.0,210.0,214.0,232.0,207.0,228.0,111.0,0.0,0.0,0.0,0.0,0.0,0.0,0.0,0.0,0.0,142.0,213.0,202.0,252.0,228.0,175.0,187.0,201.0,197.0,230.0,200.0,208.0,196.0,205.0,208.0,241.0,195.0,222.0,180.0,0.0,0.0,0.0,0.0,0.0,0.0,0.0,0.0,0.0,176.0,217.0,211.0,171.0,212.0,204.0,192.0,177.0,200.0,219.0,199.0,209.0,195.0,190.0,215.0,239.0,212.0,211.0,215.0,0.0,0.0,0.0,0.0,0.0,0.0,0.0,0.0,0.0,200.0,215.0,213.0,141.0,223.0,189.0,172.0,184.0,201.0,211.0,212.0,192.0,171.0,207.0,223.0,223.0,239.0,216.0,253.0,0.0,0.0,0.0,0.0,0.0,0.0,0.0,0.0,0.0,225.0,209.0,228.0,151.0,231.0,182.0,184.0,209.0,212.0,233.0,204.0,185.0,181.0,205.0,227.0,180.0,229.0,215.0,253.0,21.0,0.0,0.0,0.0,0.0,0.0,0.0,0.0,0.0,233.0,223.0,239.0,127.0,245.0,171.0,195.0,209.0,201.0,209.0,188.0,189.0,189.0,185.0,230.0,167.0,147.0,229.0,220.0,76.0,0.0,0.0,0.0,0.0,0.0,0.0,0.0,1.0,240.0,221.0,229.0,148.0,221.0,179.0,198.0,191.0,224.0,222.0,204.0,177.0,180.0,191.0,225.0,193.0,63.0,255.0,243.0,101.0,0.0,0.0,0.0,0.0,0.0,0.0,0.0,43.0,236.0,199.0,229.0,190.0,226.0,170.0,180.0,192.0,214.0,229.0,206.0,174.0,173.0,206.0,216.0,202.0,126.0,225.0,237.0,131.0,0.0,0.0,0.0,0.0,0.0,0.0,0.0,68.0,252.0,215.0,230.0,211.0,215.0,187.0,183.0,199.0,203.0,229.0,219.0,199.0,186.0,181.0,222.0,201.0,199.0,246.0,213.0,146.0,0.0,0.0,0.0,0.0,0.0,0.0,0.0,78.0,240.0,217.0,234.0,222.0,196.0,184.0,197.0,189.0,200.0,219.0,225.0,198.0,189.0,193.0,221.0,206.0,236.0,229.0,231.0,148.0,0.0,0.0,0.0,0.0,0.0,0.0,0.0,80.0,227.0,223.0,245.0,203.0,193.0,188.0,193.0,208.0,207.0,228.0,209.0,181.0,190.0,204.0,216.0,202.0,227.0,217.0,225.0,148.0,0.0,0.0,0.0,0.0,0.0,0.0,0.0,68.0,245.0,230.0,239.0,206.0,200.0,188.0,207.0,226.0,199.0,207.0,197.0,190.0,205.0,196.0,201.0,198.0,222.0,230.0,235.0,150.0,0.0,0.0,0.0,0.0,0.0,0.0,0.0,60.0,241.0,219.0,234.0,210.0,201.0,191.0,217.0,219.0,214.0,220.0,204.0,191.0,205.0,209.0,189.0,208.0,220.0,215.0,239.0,153.0,0.0,0.0,0.0,0.0,0.0,0.0,0.0,57.0,227.0,206.0,236.0,231.0,191.0,173.0,206.0,183.0,212.0,229.0,212.0,168.0,194.0,207.0,204.0,188.0,232.0,223.0,220.0,170.0,0.0,0.0,0.0,0.0,0.0,0.0,0.0,50.0,250.0,219.0,230.0,203.0,182.0,202.0,221.0,210.0,195.0,221.0,223.0,202.0,212.0,204.0,194.0,188.0,230.0,245.0,204.0,174.0,0.0,0.0,0.0,0.0,0.0,0.0,0.0,51.0,217.0,219.0,227.0,187.0,172.0,193.0,207.0,184.0,160.0,220.0,200.0,157.0,168.0,193.0,200.0,215.0,204.0,229.0,216.0,166.0,0.0,0.0,0.0,0.0,0.0,0.0,0.0,47.0,209.0,225.0,228.0,216.0,207.0,211.0,201.0,208.0,196.0,220.0,214.0,187.0,186.0,199.0,210.0,221.0,179.0,221.0,225.0,175.0,0.0,0.0,0.0,0.0,0.0,0.0,0.0,73.0,250.0,246.0,128.0,225.0,240.0,227.0,215.0,217.0,220.0,218.0,213.0,217.0,222.0,217.0,220.0,255.0,29.0,214.0,247.0,183.0,0.0,0.0,0.0,0.0,0.0,0.0,0.0,0.0,84.0,129.0,0.0,38.0,228.0,224.0,230.0,255.0,255.0,241.0,241.0,229.0,231.0,229.0,251.0,96.0,0.0,5.0,27.0,0.0,0.0,0.0,0.0,0.0,0.0,0.0,0.0,0.0,0.0,0.0,0.0,0.0,0.0,0.0,19.0,39.0,74.0,90.0,101.0,93.0,73.0,13.0,0.0,0.0,0.0,0.0,0.0,0.0,0.0,0.0,0.0
0.0,0.0,0.0,0.0,0.0,0.0,0.0,0.0,0.0,42.0,115.0,113.0,94.0,62.0,64.0,96.0,137.0,133.0,128.0,37.0,0.0,0.0,0.0,0.0,0.0,0.0,0.0,0.0,0.0,0.0,0.0,0.0,0.0,0.0,0.0,79.0,190.0,222.0,200.0,222.0,208.0,181.0,184.0,213.0,233.0,215.0,218.0,242.0,210.0,54.0,0.0,0.0,0.0,0.0,0.0,0.0,0.0,0.0,0.0,0.0,0.0,0.0,172.0,194.0,180.0,170.0,176.0,198.0,203.0,204.0,202.0,196.0,190.0,195.0,190.0,189.0,202.0,217.0,67.0,0.0,0.0,0.0,0.0,0.0,0.0,0.0,0.0,0.0,0.0,58.0,183.0,158.0,171.0,173.0,169.0,175.0,196.0,202.0,200.0,200.0,204.0,189.0,187.0,195.0,194.0,204.0,183.0,0.0,0.0,0.0,0.0,0.0,0.0,0.0,0.0,0.0,0.0,124.0,180.0,157.0,163.0,173.0,174.0,170.0,167.0,168.0,175.0,176.0,176.0,182.0,188.0,193.0,195.0,205.0,221.0,38.0,0.0,0.0,0.0,0.0,0.0,0.0,0.0,0.0,0.0,172.0,181.0,161.0,152.0,160.0,174.0,169.0,171.0,174.0,172.0,172.0,169.0,176.0,186.0,190.0,201.0,217.0,226.0,134.0,0.0,0.0,0.0,0.0,0.0,0.0,0.0,0.0,0.0,199.0,175.0,173.0,150.0,152.0,170.0,218.0,178.0,175.0,173.0,181.0,221.0,204.0,186.0,199.0,215.0,220.0,217.0,210.0,0.0,0.0,0.0,0.0,0.0,0.0,0.0,0.0,46.0,183.0,173.0,180.0,155.0,152.0,137.0,167.0,187.0,175.0,156.0,160.0,157.0,188.0,230.0,208.0,229.0,222.0,207.0,212.0,0.0,0.0,0.0,0.0,0.0,0.0,0.0,0.0,107.0,193.0,171.0,180.0,157.0,155.0,180.0,196.0,143.0,117.0,160.0,163.0,152.0,181.0,231.0,212.0,229.0,217.0,207.0,236.0,131.0,0.0,0.0,0.0,0.0,0.0,0.0,0.0,91.0,169.0,188.0,206.0,251.0,165.0,200.0,238.0,188.0,181.0,171.0,171.0,183.0,187.0,213.0,214.0,248.0,238.0,210.0,188.0,65.0,0.0,0.0,0.0,0.0,0.0,0.0,0.0,0.0,0.0,30.0,79.0,94.0,194.0,173.0,179.0,226.0,204.0,179.0,172.0,167.0,209.0,235.0,207.0,89.0,91.0,0.0,0.0,0.0,0.0,0.0,0.0,0.0,0.0,0.0,0.0,0.0,0.0,0.0,0.0,0.0,226.0,168.0,181.0,221.0,188.0,151.0,170.0,187.0,206.0,217.0,205.0,0.0,0.0,0.0,0.0,1.0,0.0,0.0,0.0,0.0,0.0,0.0,0.0,0.0,2.0,5.0,0.0,34.0,233.0,175.0,179.0,156.0,143.0,108.0,121.0,204.0,206.0,213.0,219.0,0.0,0.0,1.0,0.0,0.0,0.0,0.0,0.0,0.0,0.0,0.0,0.0,0.0,0.0,2.0,0.0,49.0,195.0,126.0,130.0,105.0,124.0,155.0,168.0,141.0,150.0,209.0,202.0,0.0,0.0,2.0,0.0,0.0,0.0,0.0,0.0,0.0,0.0,0.0,0.0,0.0,0.0,2.0,0.0,78.0,195.0,146.0,138.0,181.0,143.0,119.0,197.0,118.0,122.0,210.0,210.0,18.0,0.0,3.0,0.0,0.0,0.0,0.0,0.0,0.0,0.0,0.0,0.0,0.0,0.0,1.0,0.0,110.0,194.0,138.0,140.0,167.0,121.0,134.0,167.0,134.0,174.0,182.0,219.0,37.0,0.0,3.0,0.0,0.0,0.0,0.0,0.0,0.0,0.0,0.0,0.0,0.0,0.0,0.0,0.0,134.0,190.0,128.0,130.0,118.0,108.0,211.0,136.0,104.0,147.0,142.0,220.0,78.0,0.0,3.0,0.0,0.0,0.0,0.0,0.0,0.0,0.0,0.0,0.0,0.0,0.0,0.0,0.0,167.0,179.0,175.0,194.0,174.0,180.0,211.0,174.0,175.0,197.0,186.0,217.0,123.0,0.0,1.0,0.0,0.0,0.0,0.0,0.0,0.0,0.0,0.0,0.0,0.0,1.0,0.0,0.0,188.0,177.0,169.0,171.0,168.0,183.0,182.0,165.0,176.0,187.0,197.0,215.0,155.0,0.0,0.0,0.0,0.0,0.0,0.0,0.0,0.0,0.0,0.0,0.0,0.0,3.0,0.0,0.0,199.0,175.0,175.0,176.0,173.0,183.0,177.0,171.0,180.0,185.0,195.0,212.0,192.0,0.0,0.0,0.0,0.0,0.0,0.0,0.0,0.0,0.0,0.0,0.0,0.0,4.0,0.0,14.0,175.0,172.0,177.0,177.0,180.0,181.0,173.0,180.0,186.0,185.0,193.0,209.0,190.0,0.0,0.0,2.0,0.0,0.0,0.0,0.0,0.0,0.0,0.0,0.0,0.0,5.0,0.0,51.0,182.0,171.0,176.0,175.0,183.0,177.0,172.0,182.0,184.0,184.0,194.0,204.0,205.0,3.0,0.0,4.0,0.0,0.0,0.0,0.0,0.0,0.0,0.0,0.0,0.0,3.0,0.0,81.0,185.0,171.0,175.0,176.0,187.0,179.0,177.0,182.0,188.0,187.0,192.0,201.0,215.0,59.0,0.0,4.0,0.0,0.0,0.0,0.0,0.0,0.0,0.0,0.0,0.0,3.0,0.0,94.0,187.0,171.0,179.0,179.0,183.0,178.0,177.0,185.0,195.0,189.0,189.0,197.0,214.0,88.0,0.0,2.0,0.0,0.0,0.0,0.0,0.0,0.0,0.0,0.0,0.0,7.0,0.0,120.0,183.0,172.0,180.0,181.0,184.0,178.0,175.0,186.0,194.0,193.0,198.0,199.0,198.0,105.0,0.0,0.0,0.0,0.0,0.0,0.0,0.0,0.0,0.0,0.0,0.0,6.0,0.0,149.0,210.0,185.0,176.0,178.0,177.0,170.0,171.0,180.0,183.0,189.0,193.0,205.0,234.0,216.0,0.0,4.0,1.0,0.0,0.0,0.0,0.0,0.0,0.0,0.0,0.0,2.0,0.0,0.0,119.0,189.0,218.0,221.0,249.0,241.0,241.0,248.0,255.0,231.0,236.0,207.0,164.0,15.0,0.0,2.0,0.0,0.0,0.0,0.0,0.0,0.0,0.0,0.0,0.0,0.0,0.0,0.0,0.0,0.0,39.0,86.0,118.0,131.0,136.0,142.0,128.0,98.0,34.0,0.0,0.0,0.0,0.0,0.0,0.0,0.0,0.0,0.0
0.0,0.0,0.0,0.0,0.0,0.0,0.0,0.0,0.0,2.0,72.0,132.0,47.0,20.0,17.0,15.0,145.0,72.0,0.0,0.0,2.0,0.0,0.0,0.0,0.0,0.0,0.0,0.0,0.0,0.0,0.0,0.0,0.0,0.0,0.0,0.0,47.0,226.0,188.0,215.0,233.0,253.0,248.0,232.0,241.0,182.0,202.0,28.0,0.0,0.0,0.0,0.0,0.0,0.0,0.0,0.0,0.0,0.0,0.0,0.0,0.0,0.0,0.0,0.0,161.0,202.0,172.0,156.0,191.0,198.0,216.0,251.0,180.0,171.0,190.0,156.0,0.0,0.0,0.0,0.0,0.0,0.0,0.0,0.0,0.0,0.0,0.0,0.0,0.0,0.0,0.0,0.0,178.0,203.0,167.0,158.0,155.0,222.0,255.0,202.0,163.0,166.0,171.0,186.0,0.0,0.0,0.0,0.0,0.0,0.0,0.0,0.0,0.0,0.0,0.0,0.0,0.0,0.0,0.0,0.0,200.0,206.0,176.0,156.0,146.0,190.0,245.0,163.0,170.0,146.0,175.0,196.0,2.0,0.0,0.0,0.0,0.0,0.0,0.0,0.0,0.0,0.0,0.0,0.0,0.0,0.0,0.0,2.0,186.0,225.0,205.0,175.0,187.0,176.0,188.0,203.0,181.0,182.0,216.0,195.0,20.0,0.0,0.0,0.0,0.0,0.0,0.0,0.0,0.0,0.0,0.0,0.0,0.0,0.0,0.0,8.0,202.0,177.0,213.0,215.0,188.0,187.0,195.0,202.0,207.0,171.0,185.0,196.0,47.0,0.0,0.0,0.0,0.0,0.0,0.0,0.0,0.0,0.0,0.0,0.0,0.0,0.0,0.0,38.0,246.0,86.0,111.0,237.0,183.0,193.0,180.0,178.0,206.0,91.0,101.0,245.0,65.0,0.0,0.0,0.0,0.0,0.0,0.0,0.0,0.0,0.0,0.0,0.0,0.0,0.0,0.0,60.0,250.0,17.0,75.0,243.0,196.0,205.0,200.0,176.0,191.0,56.0,28.0,251.0,86.0,0.0,0.0,0.0,0.0,0.0,0.0,0.0,0.0,0.0,0.0,0.0,0.0,0.0,0.0,85.0,246.0,0.0,63.0,238.0,191.0,213.0,211.0,188.0,205.0,42.0,0.0,248.0,110.0,0.0,0.0,0.0,0.0,0.0,0.0,0.0,0.0,0.0,0.0,0.0,0.0,0.0,0.0,113.0,238.0,0.0,137.0,236.0,193.0,200.0,201.0,187.0,211.0,76.0,0.0,251.0,120.0,0.0,0.0,0.0,0.0,0.0,0.0,0.0,0.0,0.0,0.0,0.0,0.0,0.0,0.0,135.0,222.0,1.0,218.0,203.0,201.0,202.0,200.0,191.0,192.0,173.0,0.0,247.0,132.0,0.0,0.0,0.0,0.0,0.0,0.0,0.0,0.0,0.0,0.0,0.0,0.0,0.0,0.0,151.0,203.0,50.0,232.0,196.0,206.0,197.0,201.0,192.0,191.0,202.0,33.0,235.0,148.0,0.0,0.0,0.0,0.0,0.0,0.0,0.0,0.0,0.0,0.0,0.0,0.0,0.0,0.0,173.0,228.0,108.0,230.0,196.0,203.0,203.0,203.0,193.0,193.0,201.0,82.0,248.0,160.0,0.0,0.0,0.0,0.0,0.0,0.0,0.0,0.0,0.0,0.0,0.0,0.0,0.0,0.0,123.0,116.0,137.0,226.0,200.0,207.0,205.0,191.0,191.0,196.0,202.0,108.0,147.0,111.0,0.0,0.0,0.0,0.0,0.0,0.0,0.0,0.0,0.0,0.0,0.0,0.0,0.0,0.0,0.0,0.0,177.0,208.0,195.0,203.0,202.0,185.0,201.0,187.0,208.0,106.0,0.0,0.0,0.0,0.0,0.0,0.0,0.0,0.0,0.0,0.0,0.0,0.0,0.0,0.0,0.0,0.0,0.0,0.0,190.0,207.0,197.0,206.0,193.0,203.0,190.0,190.0,208.0,113.0,0.0,1.0,0.0,0.0,0.0,0.0,0.0,0.0,0.0,0.0,0.0,0.0,0.0,0.0,0.0,0.0,0.0,0.0,188.0,208.0,192.0,198.0,210.0,196.0,188.0,196.0,196.0,112.0,0.0,6.0,0.0,0.0,0.0,0.0,0.0,0.0,0.0,0.0,0.0,0.0,0.0,0.0,0.0,0.0,0.0,0.0,170.0,211.0,196.0,203.0,205.0,191.0,203.0,195.0,201.0,93.0,0.0,5.0,0.0,0.0,0.0,0.0,0.0,0.0,0.0,0.0,0.0,0.0,0.0,0.0,0.0,0.0,8.0,0.0,142.0,216.0,200.0,205.0,197.0,200.0,203.0,197.0,203.0,71.0,0.0,6.0,0.0,0.0,0.0,0.0,0.0,0.0,0.0,0.0,0.0,0.0,0.0,0.0,0.0,0.0,7.0,0.0,123.0,220.0,201.0,206.0,202.0,205.0,202.0,202.0,203.0,56.0,0.0,3.0,0.0,0.0,0.0,0.0,0.0,0.0,0.0,0.0,0.0,0.0,0.0,0.0,0.0,0.0,7.0,0.0,101.0,220.0,203.0,208.0,208.0,206.0,208.0,203.0,201.0,37.0,0.0,3.0,0.0,0.0,0.0,0.0,0.0,0.0,0.0,0.0,0.0,0.0,0.0,0.0,0.0,0.0,6.0,0.0,67.0,221.0,205.0,212.0,210.0,210.0,210.0,206.0,195.0,11.0,0.0,3.0,0.0,0.0,0.0,0.0,0.0,0.0,0.0,0.0,0.0,0.0,0.0,0.0,0.0,0.0,5.0,0.0,37.0,220.0,203.0,208.0,208.0,206.0,206.0,207.0,216.0,7.0,0.0,3.0,0.0,0.0,0.0,0.0,0.0,0.0,0.0,0.0,0.0,0.0,0.0,0.0,0.0,0.0,3.0,0.0,12.0,211.0,203.0,207.0,207.0,203.0,205.0,206.0,182.0,7.0,0.0,2.0,0.0,0.0,0.0,0.0,0.0,0.0,0.0,0.0,0.0,0.0,0.0,0.0,0.0,0.0,3.0,0.0,0.0,201.0,203.0,201.0,202.0,198.0,206.0,205.0,171.0,0.0,0.0,0.0,0.0,0.0,0.0,0.0,0.0,0.0,0.0,0.0,0.0,0.0,0.0,0.0,0.0,0.0,1.0,0.0,0.0,238.0,222.0,216.0,232.0,232.0,221.0,222.0,197.0,0.0,0.0,0.0,0.0,0.0,0.0,0.0,0.0,0.0,0.0,0.0,0.0,0.0,0.0,0.0,0.0,0.0,0.0,1.0,0.0,10.0,72.0,103.0,123.0,141.0,138.0,122.0,21.0,0.0,3.0,0.0,0.0,0.0,0.0,0.0,0.0,0.0,0.0